"",Rank,Mark,WIND,Competitor,DOB,Nat,Pos,Venue,Date,Results Score
0,1,46.46,,Rai BENJAMIN,27 JUL 1997,USA,1,"Hayward Field, Eugene, OR (USA)",30 JUN 2024,1313
1,1,46.46,,Rai BENJAMIN,27 JUL 1997,USA,1,"Stade de France, Paris (FRA)",09 AUG 2024,1313
2,3,46.63,,Alison DOS SANTOS,03 JUN 2000,BRA,1,"Bislett Stadion, Oslo (NOR)",30 MAY 2024,1303
3,4,46.64,,Rai BENJAMIN,27 JUL 1997,USA,1,"Drake Stadium, Los Angeles, CA (USA)",18 MAY 2024,1303
4,5,46.67,,Rai BENJAMIN,27 JUL 1997,USA,1,"Stade Louis II, Monaco (MON)",12 JUL 2024,1301
5,6,46.7,,Karsten WARHOLM,28 FEB 1996,NOR,2,"Bislett Stadion, Oslo (NOR)",30 MAY 2024,1300
6,7,46.73,,Karsten WARHOLM,28 FEB 1996,NOR,2,"Stade Louis II, Monaco (MON)",12 JUL 2024,1298
7,8,46.86,,Alison DOS SANTOS,03 JUN 2000,BRA,1,"Suhaim bin Hamad Stadium, Doha (QAT)",10 MAY 2024,1291
8,9,46.95,,Karsten WARHOLM,28 FEB 1996,NOR,1,"Stadion Śląski, Chorzów (POL)",25 AUG 2024,1286
9,10,46.98,,Karsten WARHOLM,28 FEB 1996,NOR,1,"Stadio Olimpico, Roma (ITA)",11 JUN 2024,1285
10,11,47.01,,Alison DOS SANTOS,03 JUN 2000,BRA,1,"Olympiastadion, Stockholm (SWE)",02 JUN 2024,1283
11,12,47.06,,Karsten WARHOLM,28 FEB 1996,NOR,2,"Stade de France, Paris (FRA)",09 AUG 2024,1281
12,13,47.18,,Alison DOS SANTOS,03 JUN 2000,BRA,3,"Stade Louis II, Monaco (MON)",12 JUL 2024,1274
13,13,47.18,,Alison DOS SANTOS,03 JUN 2000,BRA,1,"Olympic Stadium, London (GBR)",20 JUL 2024,1274
14,15,47.23,,Caleb DEAN,20 JUN 2001,USA,1,"Hayward Field, Eugene, OR (USA)",07 JUN 2024,1272
15,16,47.26,,Alison DOS SANTOS,03 JUN 2000,BRA,3,"Stade de France, Paris (FRA)",09 AUG 2024,1270
16,17,47.42,,Malik JAMES-KING,28 JUN 1999,JAM,1,"National Stadium, Kingston (JAM)",28 JUN 2024,1262
17,17,47.42,,Clement DUCOS,04 MAR 2001,FRA,2,"Stadion Śląski, Chorzów (POL)",25 AUG 2024,1262
18,19,47.49,,Roshawn CLARKE,01 JUL 2004,JAM,1,"Letzigrund, Zürich (SUI)",05 SEP 2024,1258
19,20,47.5,,Alessandro SIBILIO,27 APR 1999,ITA,2,"Stadio Olimpico, Roma (ITA)",11 JUN 2024,1257
20,21,47.57,,Karsten WARHOLM,28 FEB 1996,NOR,1h2,"Stade de France, Paris (FRA)",05 AUG 2024,1254
21,22,47.58,,Abderrahman SAMBA,05 SEP 1995,QAT,2,"Letzigrund, Zürich (SUI)",05 SEP 2024,1253
22,23,47.63,,Roshawn CLARKE,01 JUL 2004,JAM,2,"Olympic Stadium, London (GBR)",20 JUL 2024,1251
23,24,47.67,,Karsten WARHOLM,28 FEB 1996,NOR,1sf1,"Stade de France, Paris (FRA)",07 AUG 2024,1249
24,25,47.69,,Clement DUCOS,04 MAR 2001,FRA,2h2,"Stade de France, Paris (FRA)",05 AUG 2024,1248
25,25,47.69,,Abderrahman SAMBA,05 SEP 1995,QAT,3,"Stadion Śląski, Chorzów (POL)",25 AUG 2024,1248
26,27,47.72,,Ismail Doudai ABAKAR,01 JAN 2004,QAT,3,"Olympic Stadium, London (GBR)",20 JUL 2024,1246
27,28,47.73,,Malik JAMES-KING,28 JUN 1999,JAM,4,"Stade Louis II, Monaco (MON)",12 JUL 2024,1245
28,29,47.74,,Roshawn CLARKE,01 JUL 2004,JAM,4,"Stadion Śląski, Chorzów (POL)",25 AUG 2024,1245
29,30,47.76,,Clement DUCOS,04 MAR 2001,FRA,4,"Stade de France, Paris (FRA)",09 AUG 2024,1244
30,31,47.78,,Alison DOS SANTOS,03 JUN 2000,BRA,1,"Stade Charléty, Paris (FRA)",07 JUL 2024,1243
31,32,47.79,,Kyron MCMASTER,03 JAN 1997,IVB,5,"Stade de France, Paris (FRA)",09 AUG 2024,1242
32,33,47.81,,CJ ALLEN,14 FEB 1995,USA,2,"Hayward Field, Eugene, OR (USA)",30 JUN 2024,1241
33,33,47.81,,Kyron MCMASTER,03 JAN 1997,IVB,4,"Olympic Stadium, London (GBR)",20 JUL 2024,1241
34,35,47.82,,Trevor BASSITT,26 FEB 1998,USA,3,"Hayward Field, Eugene, OR (USA)",30 JUN 2024,1241
35,36,47.85,,Clement DUCOS,04 MAR 2001,FRA,2sf1,"Stade de France, Paris (FRA)",07 AUG 2024,1239
36,36,47.85,,Rai BENJAMIN,27 JUL 1997,USA,1sf3,"Stade de France, Paris (FRA)",07 AUG 2024,1239
37,38,47.93,,Alison DOS SANTOS,03 JUN 2000,BRA,1,"Boudewijnstadion, Bruxelles (BEL)",14 SEP 2024,1235
38,39,47.94,,Carl BENGTSTRÖM,13 JAN 2000,SWE,3,"Stadio Olimpico, Roma (ITA)",11 JUN 2024,1235
39,39,47.94,,Clement DUCOS,04 MAR 2001,FRA,1f1,"Stadio Comunale, Bellinzona (SUI)",09 SEP 2024,1235
40,41,47.95,,Chris ROBINSON,19 FEB 2001,USA,1f1,"Percy Beard Track, Gainesville, FL (USA)",12 APR 2024,1234
41,41,47.95,,Rasmus MÄGI,04 MAY 1992,EST,2,"Stade Charléty, Paris (FRA)",07 JUL 2024,1234
42,41,47.95,,Alison DOS SANTOS,03 JUN 2000,BRA,3sf1,"Stade de France, Paris (FRA)",07 AUG 2024,1234
43,44,47.96,,Chris ROBINSON,19 FEB 2001,USA,4,"Hayward Field, Eugene, OR (USA)",30 JUN 2024,1233
44,45,47.97,,Abderrahman SAMBA,05 SEP 1995,QAT,1,"Estadio Vallehermoso, Madrid (ESP)",21 JUN 2024,1233
45,45,47.97,,Rai BENJAMIN,27 JUL 1997,USA,1sf3,"Hayward Field, Eugene, OR (USA)",28 JUN 2024,1233
46,45,47.97,,Rasmus MÄGI,04 MAY 1992,EST,5,"Stadion Śląski, Chorzów (POL)",25 AUG 2024,1233
47,48,47.98,,Chris ROBINSON,19 FEB 2001,USA,2,"Hayward Field, Eugene, OR (USA)",07 JUN 2024,1232
48,48,47.98,,Abderrahman SAMBA,05 SEP 1995,QAT,6,"Stade de France, Paris (FRA)",09 AUG 2024,1232
49,50,47.99,,Ken TOYODA,15 OCT 2002,JPN,1,"Denka Big Swan Stadium, Niigata (JPN)",28 JUN 2024,1232
50,51,48.0,,Ezekiel NATHANIEL,20 JUN 2003,NGR,1,"Clyde Hart Track & Field Stadium, Waco, TX (USA)",11 MAY 2024,1231
51,52,48.01,,Wilfried HAPPIO,22 SEP 1998,FRA,2,"Estadio Vallehermoso, Madrid (ESP)",21 JUN 2024,1231
52,53,48.02,,Rasmus MÄGI,04 MAY 1992,EST,3,"Letzigrund, Zürich (SUI)",05 SEP 2024,1230
53,53,48.02,,Clement DUCOS,04 MAR 2001,FRA,4,"Letzigrund, Zürich (SUI)",05 SEP 2024,1230
54,55,48.04,,Roshawn CLARKE,01 JUL 2004,JAM,2,"National Stadium, Kingston (JAM)",28 JUN 2024,1229
55,56,48.05,,Caleb DEAN,20 JUN 2001,USA,1h3,"John McDonnell Field, Fayetteville, AR (USA)",24 MAY 2024,1229
56,56,48.05,,Kyron MCMASTER,03 JAN 1997,IVB,2,"Olympiastadion, Stockholm (SWE)",02 JUN 2024,1229
57,56,48.05,,Caleb DEAN,20 JUN 2001,USA,1sf2,"Hayward Field, Eugene, OR (USA)",05 JUN 2024,1229
58,59,48.07,,Alessandro SIBILIO,27 APR 1999,ITA,1sf3,"Stadio Olimpico, Roma (ITA)",10 JUN 2024,1228
59,60,48.09,,Rasmus MÄGI,04 MAY 1992,EST,1,"Kadrioru staadion, Tallinn (EST)",30 JUN 2024,1227
60,61,48.11,,Roshawn CLARKE,01 JUL 2004,JAM,2,"Drake Stadium, Los Angeles, CA (USA)",18 MAY 2024,1226
61,62,48.12,,CJ ALLEN,14 FEB 1995,USA,3,"Olympiastadion, Stockholm (SWE)",02 JUN 2024,1225
62,62,48.12,,Matheus LIMA,01 JUN 2003,BRA,6,"Stadion Śląski, Chorzów (POL)",25 AUG 2024,1225
63,64,48.13,,Rasmus MÄGI,04 MAY 1992,EST,4,"Stadio Olimpico, Roma (ITA)",11 JUN 2024,1225
64,65,48.14,,Berke AKÇAM,10 APR 2002,TUR,2sf3,"Stadio Olimpico, Roma (ITA)",10 JUN 2024,1224
65,66,48.15,,Kyron MCMASTER,03 JAN 1997,IVB,1sf2,"Stade de France, Paris (FRA)",07 AUG 2024,1224
66,67,48.16,,CJ ALLEN,14 FEB 1995,USA,2sf3,"Hayward Field, Eugene, OR (USA)",28 JUN 2024,1223
67,67,48.16,,Rasmus MÄGI,04 MAY 1992,EST,2sf2,"Stade de France, Paris (FRA)",07 AUG 2024,1223
68,69,48.17,,Berke AKÇAM,10 APR 2002,TUR,5,"Stadio Olimpico, Roma (ITA)",11 JUN 2024,1223
69,69,48.17,,Roshawn CLARKE,01 JUL 2004,JAM,1h4,"Stade de France, Paris (FRA)",05 AUG 2024,1223
70,71,48.2,,Abderrahman SAMBA,05 SEP 1995,QAT,3sf2,"Stade de France, Paris (FRA)",07 AUG 2024,1221
71,71,48.2,,CJ ALLEN,14 FEB 1995,USA,5,"Letzigrund, Zürich (SUI)",05 SEP 2024,1221
72,71,48.2,,Abderrahman SAMBA,05 SEP 1995,QAT,2,"Boudewijnstadion, Bruxelles (BEL)",14 SEP 2024,1221
73,74,48.21,,Ezekiel NATHANIEL,20 JUN 2003,NGR,1,"Percy Beard Track, Gainesville, FL (USA)",19 JUL 2024,1221
74,74,48.21,,Malik JAMES-KING,28 JUN 1999,JAM,1h5,"Stade de France, Paris (FRA)",05 AUG 2024,1221
75,74,48.21,,Emil AGYEKUM,22 MAY 1999,GER,1,"Olympiastadion, Berlin (GER)",01 SEP 2024,1221
76,77,48.25,,Alessandro SIBILIO,27 APR 1999,ITA,1,"Mestský Stadion, Ostrava (CZE)",28 MAY 2024,1218
77,78,48.26,,Clement DUCOS,04 MAR 2001,FRA,2f1,"Percy Beard Track, Gainesville, FL (USA)",12 APR 2024,1218
78,78,48.26,,Wilfried HAPPIO,22 SEP 1998,FRA,5,"Olympic Stadium, London (GBR)",20 JUL 2024,1218
79,78,48.26,,Rasmus MÄGI,04 MAY 1992,EST,3,"Boudewijnstadion, Bruxelles (BEL)",14 SEP 2024,1218
80,81,48.27,,Abderrahman SAMBA,05 SEP 1995,QAT,5,"Stade Louis II, Monaco (MON)",12 JUL 2024,1217
81,82,48.28,,CJ ALLEN,14 FEB 1995,USA,6,"Stade Louis II, Monaco (MON)",12 JUL 2024,1217
82,83,48.29,,Ezekiel NATHANIEL,20 JUN 2003,NGR,3f1,"Percy Beard Track, Gainesville, FL (USA)",12 APR 2024,1216
83,83,48.29,,Trevor BASSITT,26 FEB 1998,USA,4sf1,"Stade de France, Paris (FRA)",07 AUG 2024,1216
84,85,48.31,,Matheus LIMA,01 JUN 2003,BRA,1,"Zdzisław Krzyszkowiak Stadium, Bydgoszcz (POL)",20 JUN 2024,1215
85,86,48.34,,Matic Ian GUČEK,20 SEP 2003,SLO,3sf3,"Stadio Olimpico, Roma (ITA)",10 JUN 2024,1214
86,86,48.34,,Roshawn CLARKE,01 JUL 2004,JAM,2sf3,"Stade de France, Paris (FRA)",07 AUG 2024,1214
87,88,48.35,,Jaheel HYDE,02 FEB 1997,JAM,3,"National Stadium, Kingston (JAM)",28 JUN 2024,1213
88,88,48.35,,Abderrahman SAMBA,05 SEP 1995,QAT,3h2,"Stade de France, Paris (FRA)",05 AUG 2024,1213
89,90,48.36,,Ken TOYODA,15 OCT 2002,JPN,1,"National Stadium, Tokyo (JPN)",19 MAY 2024,1213
90,90,48.36,,Emil AGYEKUM,22 MAY 1999,GER,4sf3,"Stadio Olimpico, Roma (ITA)",10 JUN 2024,1213
91,90,48.36,,Assinie WILSON,10 APR 2002,JAM,4,"National Stadium, Kingston (JAM)",28 JUN 2024,1213
92,90,48.36,,Nick SMIDT,12 MAY 1997,NED,1,"Ryavallen, Borås (SWE)",21 AUG 2024,1213
93,94,48.37,,Matic Ian GUČEK,20 SEP 2003,SLO,2,"Mestský Stadion, Ostrava (CZE)",28 MAY 2024,1212
94,94,48.37,,Malik JAMES-KING,28 JUN 1999,JAM,3,"Stade Charléty, Paris (FRA)",07 JUL 2024,1212
95,94,48.37,,Wilfried HAPPIO,22 SEP 1998,FRA,7,"Stade Louis II, Monaco (MON)",12 JUL 2024,1212
96,97,48.38,,Ezekiel NATHANIEL,20 JUN 2003,NGR,2h4,"Stade de France, Paris (FRA)",05 AUG 2024,1212
97,98,48.39,,CJ ALLEN,14 FEB 1995,USA,2,"Suhaim bin Hamad Stadium, Doha (QAT)",10 MAY 2024,1211
98,98,48.39,,Malik JAMES-KING,28 JUN 1999,JAM,1,"National Stadium, Kingston (JAM)",11 MAY 2024,1211
99,100,48.41,,Vít MÜLLER,31 AUG 1996,CZE,1,"Stadion Mládeže, Zlín (CZE)",30 JUN 2024,1210
0,101,48.42,,Roxroy CATO,05 JAN 1988,JAM,1,"Alumni Stadium, Guelph (CAN)",04 JUN 2024,1210
1,101,48.42,,Emil AGYEKUM,22 MAY 1999,GER,6,"Stadio Olimpico, Roma (ITA)",11 JUN 2024,1210
2,101,48.42,,Rasmus MÄGI,04 MAY 1992,EST,1,"Paavo Nurmen Stadion, Turku (FIN)",18 JUN 2024,1210
3,101,48.42,,Wilfried HAPPIO,22 SEP 1998,FRA,3h4,"Stade de France, Paris (FRA)",05 AUG 2024,1210
4,101,48.42,,Carl BENGTSTRÖM,13 JAN 2000,SWE,2,"Ryavallen, Borås (SWE)",21 AUG 2024,1210
5,106,48.43,,Caleb DEAN,20 JUN 2001,USA,2,"Clyde Hart Track & Field Stadium, Waco, TX (USA)",11 MAY 2024,1209
6,106,48.43,,Chris ROBINSON,19 FEB 2001,USA,1,"Percy Beard Track, Gainesville, FL (USA)",11 MAY 2024,1209
7,106,48.43,,Rasmus MÄGI,04 MAY 1992,EST,1sf2,"Stadio Olimpico, Roma (ITA)",10 JUN 2024,1209
8,106,48.43,,Alessandro SIBILIO,27 APR 1999,ITA,4h4,"Stade de France, Paris (FRA)",05 AUG 2024,1209
9,110,48.44,,Matheus LIMA,01 JUN 2003,BRA,1f1,"Stade de La Charrière, La Chaux-de-Fonds (SUI)",14 JUL 2024,1209
10,110,48.44,,CJ ALLEN,14 FEB 1995,USA,4sf2,"Stade de France, Paris (FRA)",07 AUG 2024,1209
11,112,48.46,,Caleb DEAN,20 JUN 2001,USA,8,"Stade Louis II, Monaco (MON)",12 JUL 2024,1208
12,112,48.46,,Shunta INOUE,04 JUL 2002,JPN,1sf3,"Todoroki Stadium, Kawasaki (JPN)",21 SEP 2024,1208
13,114,48.49,,Carl BENGTSTRÖM,13 JAN 2000,SWE,1,"Stade Delort, Marseille (FRA)",22 MAY 2024,1206
14,114,48.49,,Kyron MCMASTER,03 JAN 1997,IVB,3,"Bislett Stadion, Oslo (NOR)",30 MAY 2024,1206
15,114,48.49,,CJ ALLEN,14 FEB 1995,USA,6,"Olympic Stadium, London (GBR)",20 JUL 2024,1206
16,117,48.51,,Kyron MCMASTER,03 JAN 1997,IVB,3,"Drake Stadium, Los Angeles, CA (USA)",18 MAY 2024,1205
17,117,48.51,,Carl BENGTSTRÖM,13 JAN 2000,SWE,2sf2,"Stadio Olimpico, Roma (ITA)",10 JUN 2024,1205
18,117,48.51,,Shu WATANABE,15 OCT 2003,JPN,2sf3,"Todoroki Stadium, Kawasaki (JPN)",21 SEP 2024,1205
19,120,48.54,,Alastair CHALMERS,31 MAR 2000,GBR,1,"Manchester Regional Arena, Manchester (GBR)",30 JUN 2024,1204
20,121,48.55,,Matheus LIMA,01 JUN 2003,BRA,1h1,"CNDA, Bragança Paulista (BRA)",06 APR 2024,1203
21,121,48.55,,Wilfried HAPPIO,22 SEP 1998,FRA,5sf3,"Stadio Olimpico, Roma (ITA)",10 JUN 2024,1203
22,123,48.56,,Gerald DRUMMOND,05 SEP 1994,CRC,1,"Hayward Field, Eugene, OR (USA)",25 MAY 2024,1203
23,123,48.56,,Rasmus MÄGI,04 MAY 1992,EST,4,"Bislett Stadion, Oslo (NOR)",30 MAY 2024,1203
24,123,48.56,,Wilfried HAPPIO,22 SEP 1998,FRA,4,"Stade Charléty, Paris (FRA)",07 JUL 2024,1203
25,126,48.57,,Wiseman Were MUKHOBE,13 OCT 1997,KEN,1,"Nyayo National Stadium, Nairobi (KEN)",20 APR 2024,1202
26,127,48.58,,Kaito TSUTSUE,02 JUL 1998,JPN,1f3,"Yanmar Stadium Nagai, Osaka (JPN)",12 MAY 2024,1202
27,127,48.58,,Yeral NUÑEZ,09 JAN 2003,DOM,1,"Stadio G. Teghil, Lignano Sabbiadoro (ITA)",14 JUL 2024,1202
28,127,48.58,,Wiseman Were MUKHOBE,13 OCT 1997,KEN,5h4,"Stade de France, Paris (FRA)",05 AUG 2024,1202
29,127,48.58,,Berke AKÇAM,10 APR 2002,TUR,7,"Stadion Śląski, Chorzów (POL)",25 AUG 2024,1202
30,131,48.59,,Julien BONVIN,10 JAN 1999,SUI,1h3,"Stadion Deutweg, Winterthur (SUI)",28 JUN 2024,1201
31,131,48.59,,Hayato SHIMODA,17 APR 2005,JPN,3sf3,"Todoroki Stadium, Kawasaki (JPN)",21 SEP 2024,1201
32,133,48.61,,Carl BENGTSTRÖM,13 JAN 2000,SWE,1f1,"Estadio Iberoamericano, Huelva (ESP)",30 APR 2024,1200
33,133,48.61,,Rasmus MÄGI,04 MAY 1992,EST,1,"Centro Gabre Gabric, Brescia (ITA)",08 SEP 2024,1200
34,135,48.62,,Ken TOYODA,15 OCT 2002,JPN,1h1,"Denka Big Swan Stadium, Niigata (JPN)",27 JUN 2024,1199
35,135,48.62,,Rasmus MÄGI,04 MAY 1992,EST,1h3,"Stade de France, Paris (FRA)",05 AUG 2024,1199
36,137,48.63,,Carl BENGTSTRÖM,13 JAN 2000,SWE,12,"Stade de France, Paris (FRA)",06 AUG 2024,1199
37,138,48.64,,Clement DUCOS,04 MAR 2001,FRA,1sf3,"Hayward Field, Eugene, OR (USA)",05 JUN 2024,1198
38,138,48.64,,CJ ALLEN,14 FEB 1995,USA,2h3,"Stade de France, Paris (FRA)",05 AUG 2024,1198
39,138,48.64,,Nick SMIDT,12 MAY 1997,NED,6h4,"Stade de France, Paris (FRA)",05 AUG 2024,1198
40,138,48.64,,Trevor BASSITT,26 FEB 1998,USA,11,"Stade de France, Paris (FRA)",06 AUG 2024,1198
41,142,48.65,,Ezekiel NATHANIEL,20 JUN 2003,NGR,5sf1,"Stade de France, Paris (FRA)",07 AUG 2024,1198
42,143,48.66,,Matic Ian GUČEK,20 SEP 2003,SLO,1,"Športni center, Kranj (SLO)",11 MAY 2024,1197
43,143,48.66,,Wilfried HAPPIO,22 SEP 1998,FRA,3sf3,"Stade de France, Paris (FRA)",07 AUG 2024,1197
44,145,48.67,,Yeral NUÑEZ,09 JAN 2003,DOM,4h2,"Stade de France, Paris (FRA)",05 AUG 2024,1197
45,145,48.67,,Emil AGYEKUM,22 MAY 1999,GER,21,"Stade de France, Paris (FRA)",06 AUG 2024,1197
46,147,48.68,,Ismail Doudai ABAKAR,01 JAN 2004,QAT,1,"McArthur Stadium, Potchefstroom (RSA)",14 MAR 2024,1196
47,147,48.68,,Malik JAMES-KING,28 JUN 1999,JAM,1h2,"National Stadium, Kingston (JAM)",27 JUN 2024,1196
48,147,48.68,,Gerald DRUMMOND,05 SEP 1994,CRC,5,"Stade Charléty, Paris (FRA)",07 JUL 2024,1196
49,147,48.68,,Carl BENGTSTRÖM,13 JAN 2000,SWE,6,"Stade Charléty, Paris (FRA)",07 JUL 2024,1196
50,147,48.68,,CJ ALLEN,14 FEB 1995,USA,4,"Boudewijnstadion, Bruxelles (BEL)",14 SEP 2024,1196
51,152,48.69,,Berke AKÇAM,10 APR 2002,TUR,2,"Paavo Nurmen Stadion, Turku (FIN)",18 JUN 2024,1196
52,152,48.69,,Aldrich BAILEY JR,06 FEB 1994,USA,3sf3,"Hayward Field, Eugene, OR (USA)",28 JUN 2024,1196
53,154,48.7,,Oskar EDLUND,16 NOV 2002,SWE,2h3,"John McDonnell Field, Fayetteville, AR (USA)",24 MAY 2024,1195
54,154,48.7,,Daiki OGAWA,17 APR 2003,JPN,2,"Denka Big Swan Stadium, Niigata (JPN)",28 JUN 2024,1195
55,156,48.72,,Carl BENGTSTRÖM,13 JAN 2000,SWE,4,"Olympiastadion, Stockholm (SWE)",02 JUN 2024,1194
56,156,48.72,,Rasmus MÄGI,04 MAY 1992,EST,5,"Olympiastadion, Stockholm (SWE)",02 JUN 2024,1194
57,156,48.72,,Wiseman Were MUKHOBE,13 OCT 1997,KEN,1,"Nyayo National Stadium, Nairobi (KEN)",15 JUN 2024,1194
58,156,48.72,,Berke AKÇAM,10 APR 2002,TUR,13,"Stade de France, Paris (FRA)",06 AUG 2024,1194
59,160,48.74,,Nick SMIDT,12 MAY 1997,NED,1f2,"Stadio Comunale, Bellinzona (SUI)",09 SEP 2024,1193
60,161,48.75,,CJ ALLEN,14 FEB 1995,USA,1f1,"Geroge C. Griffin Track, Atlanta, GA (USA)",20 APR 2024,1193
61,161,48.75,,Karsten WARHOLM,28 FEB 1996,NOR,1sf1,"Stadio Olimpico, Roma (ITA)",10 JUN 2024,1193
62,161,48.75,,Alison DOS SANTOS,03 JUN 2000,BRA,3h3,"Stade de France, Paris (FRA)",05 AUG 2024,1193
63,164,48.76,,Kemorena TISANG,25 APR 1995,BOT,1,"National Stadium, Gaborone (BOT)",18 MAY 2024,1192
64,164,48.76,,Ismail Doudai ABAKAR,01 JAN 2004,QAT,3,"Mestský Stadion, Ostrava (CZE)",28 MAY 2024,1192
65,164,48.76,,Alastair CHALMERS,31 MAR 2000,GBR,3sf2,"Stadio Olimpico, Roma (ITA)",10 JUN 2024,1192
66,164,48.76,,Wilfried HAPPIO,22 SEP 1998,FRA,3,"Paavo Nurmen Stadion, Turku (FIN)",18 JUN 2024,1192
67,168,48.77,,Chris ROBINSON,19 FEB 2001,USA,1sf1,"Un. of Kentucky Outdoor Track Facility, Lexington, KY (USA)",24 MAY 2024,1192
68,168,48.77,,Gerald DRUMMOND,05 SEP 1994,CRC,1,"Estadio Nacional - La Sabana, San José (CRC)",22 JUN 2024,1192
69,170,48.78,,Gerald DRUMMOND,05 SEP 1994,CRC,22,"Stade de France, Paris (FRA)",06 AUG 2024,1191
70,170,48.78,,Emil AGYEKUM,22 MAY 1999,GER,5sf2,"Stade de France, Paris (FRA)",07 AUG 2024,1191
71,170,48.78,,Alison DOS SANTOS,03 JUN 2000,BRA,2f1,"Stadio Comunale, Bellinzona (SUI)",09 SEP 2024,1191
72,170,48.78,,Syota FUCHIGAMI,10 OCT 2005,JPN,1sf2,"Todoroki Stadium, Kawasaki (JPN)",21 SEP 2024,1191
73,174,48.79,,Rasheeme GRIFFITH,03 MAY 2000,BAR,1h1,"Percy Beard Track, Gainesville, FL (USA)",09 MAY 2024,1191
74,174,48.79,,Shakeem HALL-SMITH,21 APR 1997,BAH,1,"Edwin Moses Track, Atlanta, GA (USA)",31 MAY 2024,1191
75,174,48.79,,Chris ROBINSON,19 FEB 2001,USA,2sf3,"Hayward Field, Eugene, OR (USA)",05 JUN 2024,1191
76,174,48.79,,Thomas BARR,24 JUL 1992,IRL,2,"Zdzisław Krzyszkowiak Stadium, Bydgoszcz (POL)",20 JUN 2024,1191
77,174,48.79,,Ismail Doudai ABAKAR,01 JAN 2004,QAT,7,"Stade Charléty, Paris (FRA)",07 JUL 2024,1191
78,174,48.79,,Alessandro SIBILIO,27 APR 1999,ITA,6sf2,"Stade de France, Paris (FRA)",07 AUG 2024,1191
79,180,48.8,,Gerald DRUMMOND,05 SEP 1994,CRC,7h4,"Stade de France, Paris (FRA)",05 AUG 2024,1190
80,181,48.82,,Saad HINTI,27 APR 2002,MAR,1,"University of Ghana Sports Stadium, Accra (GHA)",21 MAR 2024,1189
81,181,48.82,,Aldrich BAILEY JR,06 FEB 1994,USA,1,"Drake Stadium, Des Moines, IA (USA)",27 APR 2024,1189
82,181,48.82,,Oskar EDLUND,16 NOV 2002,SWE,3,"Clyde Hart Track & Field Stadium, Waco, TX (USA)",11 MAY 2024,1189
83,181,48.82,,Victor NTWENG,01 DEC 1995,BOT,1f1,"McArthur Stadium, Potchefstroom (RSA)",25 MAY 2024,1189
84,181,48.82,,Rai BENJAMIN,27 JUL 1997,USA,1h1,"Stade de France, Paris (FRA)",05 AUG 2024,1189
85,186,48.83,,Zhiyu XIE,24 MAR 2000,CHN,1,"HOC Stadium, Hangzhou (CHN)",14 APR 2024,1189
86,186,48.83,,Haruto DEGUCHI,23 SEP 2001,JPN,2f3,"Yanmar Stadium Nagai, Osaka (JPN)",12 MAY 2024,1189
87,186,48.83,,Matic Ian GUČEK,20 SEP 2003,SLO,1,"Štadión SNP, Banská Bystrica (SVK)",24 MAY 2024,1189
88,186,48.83,,Carl BENGTSTRÖM,13 JAN 2000,SWE,3f1,"Stadio Comunale, Bellinzona (SUI)",09 SEP 2024,1189
89,190,48.85,,Chris ROBINSON,19 FEB 2001,USA,1h2,"Percy Beard Track, Gainesville, FL (USA)",09 MAY 2024,1188
90,190,48.85,,Rasmus MÄGI,04 MAY 1992,EST,2,"Hayward Field, Eugene, OR (USA)",25 MAY 2024,1188
91,190,48.85,,Malik JAMES-KING,28 JUN 1999,JAM,7sf2,"Stade de France, Paris (FRA)",07 AUG 2024,1188
92,193,48.87,,Matic Ian GUČEK,20 SEP 2003,SLO,7,"Stadio Olimpico, Roma (ITA)",11 JUN 2024,1187
93,193,48.87,,Joshua ABUAKU,07 JUL 1996,GER,23,"Stade de France, Paris (FRA)",06 AUG 2024,1187
94,195,48.88,,Roxroy CATO,05 JAN 1988,JAM,1f2,"Alumni Field, Windsor (CAN)",02 JUN 2024,1186
95,195,48.88,,Ezekiel NATHANIEL,20 JUN 2003,NGR,3,"Hayward Field, Eugene, OR (USA)",07 JUN 2024,1186
96,195,48.88,,Victor NTWENG,01 DEC 1995,BOT,1,"Stade Omnisport de JAPOMA, Douala (CMR)",23 JUN 2024,1186
97,195,48.88,,Victor NTWENG,01 DEC 1995,BOT,32,"Stade de France, Paris (FRA)",06 AUG 2024,1186
98,199,48.89,,Alex KNIBBS,26 APR 1999,GBR,1f2,"Stade de La Charrière, La Chaux-de-Fonds (SUI)",14 JUL 2024,1186
99,199,48.89,,Gerald DRUMMOND,05 SEP 1994,CRC,7,"Olympic Stadium, London (GBR)",20 JUL 2024,1186
0,199,48.89,,Matheus LIMA,01 JUN 2003,BRA,1,"CNDA, Bragança Paulista (BRA)",18 AUG 2024,1186
1,199,48.89,,Efekemo OKORO,21 FEB 1992,GBR,1,"Manchester Regional Arena, Manchester (GBR)",24 AUG 2024,1186
2,203,48.9,,Joshua ABUAKU,07 JUL 1996,GER,2,"Stade Delort, Marseille (FRA)",22 MAY 2024,1185
3,203,48.9,,Wilfried HAPPIO,22 SEP 1998,FRA,1f1,"Stade d'Athletisme Pierre Voillequin, Troyes (FRA)",16 JUN 2024,1185
4,203,48.9,,Matheus LIMA,01 JUN 2003,BRA,2h5,"Stade de France, Paris (FRA)",05 AUG 2024,1185
5,206,48.91,,Ismail Doudai ABAKAR,01 JAN 2004,QAT,1,"McArthur Stadium, Potchefstroom (RSA)",20 FEB 2024,1185
6,206,48.91,,Shunta INOUE,04 JUL 2002,JPN,1,"National Stadium, Tokyo (JPN)",12 MAY 2024,1185
7,206,48.91,,Haruto DEGUCHI,23 SEP 2001,JPN,2,"National Stadium, Tokyo (JPN)",19 MAY 2024,1185
8,209,48.92,,Kaito TSUTSUE,02 JUL 1998,JPN,1f3,"Prefectural Shizuoka Stadium, Fukuroi (JPN)",03 MAY 2024,1184
9,209,48.92,,Kaito TSUTSUE,02 JUL 1998,JPN,3,"National Stadium, Tokyo (JPN)",19 MAY 2024,1184
10,209,48.92,,Caleb DEAN,20 JUN 2001,USA,1sf2,"Hayward Field, Eugene, OR (USA)",28 JUN 2024,1184
11,209,48.92,,Trevor BASSITT,26 FEB 1998,USA,1f1,"Ratinan Stadion, Tampere (FIN)",25 AUG 2024,1184
12,213,48.93,,Trevor BASSITT,26 FEB 1998,USA,2,"Drake Stadium, Des Moines, IA (USA)",27 APR 2024,1184
13,213,48.93,,Matic Ian GUČEK,20 SEP 2003,SLO,1f2,"Sportzentrum Niederösterreich, St. Pölten (AUT)",17 MAY 2024,1184
14,213,48.93,,Clement DUCOS,04 MAR 2001,FRA,2sf1,"Un. of Kentucky Outdoor Track Facility, Lexington, KY (USA)",24 MAY 2024,1184
15,213,48.93,,Ezekiel NATHANIEL,20 JUN 2003,NGR,1sf1,"Hayward Field, Eugene, OR (USA)",05 JUN 2024,1184
16,217,48.94,,Berke AKÇAM,10 APR 2002,TUR,1,"Atatürk Stadyumu, Izmir (TUR)",18 APR 2024,1183
17,217,48.94,,Emil AGYEKUM,22 MAY 1999,GER,1f2,"Mommsenstadion, Berlin (GER)",26 JUL 2024,1183
18,217,48.94,,Efekemo OKORO,21 FEB 1992,GBR,1,"London Marathon Community Track, London (GBR)",18 AUG 2024,1183
19,220,48.96,,Ken TOYODA,15 OCT 2002,JPN,2f3,"Prefectural Shizuoka Stadium, Fukuroi (JPN)",03 MAY 2024,1182
20,220,48.96,,Chris ROBINSON,19 FEB 2001,USA,2,"Percy Beard Track, Gainesville, FL (USA)",19 JUL 2024,1182
21,220,48.96,,Vít MÜLLER,31 AUG 1996,CZE,31,"Stade de France, Paris (FRA)",06 AUG 2024,1182
22,220,48.96,,Syota FUCHIGAMI,10 OCT 2005,JPN,1,"Todoroki Stadium, Kawasaki (JPN)",22 SEP 2024,1182
23,224,48.97,,Haruto DEGUCHI,23 SEP 2001,JPN,1f2,"Prefectural Shizuoka Stadium, Fukuroi (JPN)",03 MAY 2024,1182
24,224,48.97,,Gerald DRUMMOND,05 SEP 1994,CRC,4,"Drake Stadium, Los Angeles, CA (USA)",18 MAY 2024,1182
25,224,48.97,,James SMITH II,22 MAY 2000,USA,1,"Foote Field, Edmonton (CAN)",13 JUN 2024,1182
26,224,48.97,,Fyodor IVANOV,20 MAY 2002,RUS,1,"Stadium Desna, Bryansk (RUS)",20 JUL 2024,1182
27,228,48.98,,Alastair CHALMERS,31 MAR 2000,GBR,1f2,"Centre sportif Bout-du-Monde, Genève (SUI)",22 JUN 2024,1181
28,228,48.98,,Alastair CHALMERS,31 MAR 2000,GBR,3h5,"Stade de France, Paris (FRA)",05 AUG 2024,1181
29,228,48.98,,Shunta INOUE,04 JUL 2002,JPN,1f3,"Denka Big Swan Stadium, Niigata (JPN)",29 SEP 2024,1181
30,231,48.99,,CJ ALLEN,14 FEB 1995,USA,3,"Hayward Field, Eugene, OR (USA)",25 MAY 2024,1181
31,231,48.99,,Khallifah ROSSER,13 JUL 1995,USA,2,"Edwin Moses Track, Atlanta, GA (USA)",31 MAY 2024,1181
32,231,48.99,,Oskar EDLUND,16 NOV 2002,SWE,41,"Stade de France, Paris (FRA)",06 AUG 2024,1181
33,234,49.0,,Kyron MCMASTER,03 JAN 1997,IVB,2,"National Stadium, Kingston (JAM)",11 MAY 2024,1180
34,234,49.0,,Victor NTWENG,01 DEC 1995,BOT,2,"National Stadium, Gaborone (BOT)",18 MAY 2024,1180
35,234,49.0,,Ismail Doudai ABAKAR,01 JAN 2004,QAT,2,"Štadión SNP, Banská Bystrica (SVK)",24 MAY 2024,1180
36,234,49.0,,Joshua ABUAKU,07 JUL 1996,GER,4h5,"Stade de France, Paris (FRA)",05 AUG 2024,1180
37,234,49.0,,Trevor BASSITT,26 FEB 1998,USA,2,"Olympiastadion, Berlin (GER)",01 SEP 2024,1180
38,239,49.01,,Trevor BASSITT,26 FEB 1998,USA,5,"Drake Stadium, Los Angeles, CA (USA)",18 MAY 2024,1180
39,240,49.02,,Nick SMIDT,12 MAY 1997,NED,1f1,"Boudewijnstadion, Bruxelles (BEL)",26 MAY 2024,1179
40,240,49.02,,Daiki OGAWA,17 APR 2003,JPN,2h1,"Denka Big Swan Stadium, Niigata (JPN)",27 JUN 2024,1179
41,240,49.02,,Trevor BASSITT,26 FEB 1998,USA,1sf1,"Hayward Field, Eugene, OR (USA)",28 JUN 2024,1179
42,243,49.03,,Clement DUCOS,04 MAR 2001,FRA,1f1,"Tom Black Track at LaPorte Stadium, Knoxville, TN (USA)",05 APR 2024,1179
43,243,49.03,,Sean BURRELL,23 FEB 2002,USA,2sf1,"Hayward Field, Eugene, OR (USA)",05 JUN 2024,1179
44,245,49.05,,James SMITH II,22 MAY 2000,USA,2,"Alumni Stadium, Guelph (CAN)",04 JUN 2024,1178
45,245,49.05,,Yeral NUÑEZ,09 JAN 2003,DOM,1f2,"Pista de Atletismo Felix Sanchez, Santo Domingo (DOM)",29 JUN 2024,1178
46,245,49.05,,Sergio FERNÁNDEZ,01 APR 1993,ESP,1f1,"AtletiekArena Gaston Roelants Kessel-Lo / Hal 5, Leuven (BEL)",27 JUL 2024,1178
47,248,49.06,,Roshawn CLARKE,01 JUL 2004,JAM,1h1,"National Stadium, Kingston (JAM)",27 JUN 2024,1177
48,248,49.06,,Matic Ian GUČEK,20 SEP 2003,SLO,1,"Štadion Kladivar, Celje (SLO)",30 JUN 2024,1177
49,248,49.06,,Matic Ian GUČEK,20 SEP 2003,SLO,42,"Stade de France, Paris (FRA)",06 AUG 2024,1177
50,251,49.07,,Corde LONG,11 JUL 2002,USA,2h1,"Percy Beard Track, Gainesville, FL (USA)",09 MAY 2024,1177
51,251,49.07,,Roshawn CLARKE,01 JUL 2004,JAM,4,"Hayward Field, Eugene, OR (USA)",25 MAY 2024,1177
52,251,49.07,,Malik METIVIER,09 OCT 1998,CAN,2,"Foote Field, Edmonton (CAN)",13 JUN 2024,1177
53,251,49.07,,Victor NTWENG,01 DEC 1995,BOT,1,"Pilditch Stadium, Pretoria (RSA)",15 JUN 2024,1177
54,251,49.07,,Vít MÜLLER,31 AUG 1996,CZE,3,"Zdzisław Krzyszkowiak Stadium, Bydgoszcz (POL)",20 JUN 2024,1177
55,256,49.08,,Ja'qualon SCOTT,02 AUG 2001,USA,4,"Hayward Field, Eugene, OR (USA)",07 JUN 2024,1176
56,256,49.08,,Assinie WILSON,10 APR 2002,JAM,1,"National Stadium, Kingston (JAM)",15 JUN 2024,1176
57,256,49.08,,Kaito TSUTSUE,02 JUL 1998,JPN,3,"Denka Big Swan Stadium, Niigata (JPN)",28 JUN 2024,1176
58,256,49.08,,Jaheel HYDE,02 FEB 1997,JAM,2h1,"Stade de France, Paris (FRA)",05 AUG 2024,1176
59,256,49.08,,Julien BONVIN,10 JAN 1999,SUI,33,"Stade de France, Paris (FRA)",06 AUG 2024,1176
60,256,49.08,,Matheus LIMA,01 JUN 2003,BRA,4sf3,"Stade de France, Paris (FRA)",07 AUG 2024,1176
61,256,49.08,,Roshawn CLARKE,01 JUL 2004,JAM,5,"Boudewijnstadion, Bruxelles (BEL)",14 SEP 2024,1176
62,256,49.08,,Shunta INOUE,04 JUL 2002,JPN,2,"Todoroki Stadium, Kawasaki (JPN)",22 SEP 2024,1176
63,264,49.09,,Malik JAMES-KING,28 JUN 1999,JAM,6,"Drake Stadium, Los Angeles, CA (USA)",18 MAY 2024,1176
64,264,49.09,,Daiki OGAWA,17 APR 2003,JPN,1,"Lemon Gas Stadium, Hiratsuka (JPN)",20 JUL 2024,1176
65,266,49.1,,Wilfried HAPPIO,22 SEP 1998,FRA,3,"Suhaim bin Hamad Stadium, Doha (QAT)",10 MAY 2024,1175
66,266,49.1,,Alastair CHALMERS,31 MAR 2000,GBR,1,"Centro Sportivo Fontanassa, Savona (ITA)",15 MAY 2024,1175
67,266,49.1,,Sergio FERNÁNDEZ,01 APR 1993,ESP,2,"Stadio G. Teghil, Lignano Sabbiadoro (ITA)",14 JUL 2024,1175
68,269,49.12,,Berke AKÇAM,10 APR 2002,TUR,8sf2,"Stade de France, Paris (FRA)",07 AUG 2024,1174
69,270,49.13,,Chris ROBINSON,19 FEB 2001,USA,1f1,"LSU Bernie Moore Stadium, Baton Rouge, LA (USA)",29 MAR 2024,1173
70,270,49.13,,Yeral NUÑEZ,09 JAN 2003,DOM,1,"Estadio Luguelín Santos, Bayaguana (DOM)",20 APR 2024,1173
71,270,49.13,,Matic Ian GUČEK,20 SEP 2003,SLO,6,"Olympiastadion, Stockholm (SWE)",02 JUN 2024,1173
72,270,49.13,,Joshua ABUAKU,07 JUL 1996,GER,4sf2,"Stadio Olimpico, Roma (ITA)",10 JUN 2024,1173
73,270,49.13,,Victor NTWENG,01 DEC 1995,BOT,1h2,"Stade Omnisport de JAPOMA, Douala (CMR)",22 JUN 2024,1173
74,270,49.13,,Vít MÜLLER,31 AUG 1996,CZE,1h1,"Stadion Mládeže, Zlín (CZE)",29 JUN 2024,1173
75,270,49.13,,Matheus LIMA,01 JUN 2003,BRA,1,"Estadio de Atletismo La Flora, Bucaramanga (COL)",28 SEP 2024,1173
76,277,49.14,,Victor NTWENG,01 DEC 1995,BOT,1,"National Stadium, Gaborone (BOT)",17 FEB 2024,1173
77,278,49.15,,Zhiyu XIE,24 MAR 2000,CHN,3f3,"Yanmar Stadium Nagai, Osaka (JPN)",12 MAY 2024,1172
78,279,49.16,,Zhiyu XIE,24 MAR 2000,CHN,4,"National Stadium, Tokyo (JPN)",19 MAY 2024,1172
79,279,49.16,,Dany BRAND,23 FEB 1996,SUI,1,"Stadion Deutweg, Winterthur (SUI)",29 JUN 2024,1172
80,279,49.16,,Fyodor IVANOV,20 MAY 2002,RUS,1h1,"Stadium Desna, Bryansk (RUS)",19 JUL 2024,1172
81,282,49.17,,Haruto DEGUCHI,23 SEP 2001,JPN,1h2,"Denka Big Swan Stadium, Niigata (JPN)",27 JUN 2024,1171
82,283,49.18,,James SMITH II,22 MAY 2000,USA,5,"Hayward Field, Eugene, OR (USA)",30 JUN 2024,1171
83,283,49.18,,Nick SMIDT,12 MAY 1997,NED,2f2,"Stade de La Charrière, La Chaux-de-Fonds (SUI)",14 JUL 2024,1171
84,283,49.18,,Alex KNIBBS,26 APR 1999,GBR,3,"Olympiastadion, Berlin (GER)",01 SEP 2024,1171
85,286,49.19,,Aldrich BAILEY JR,06 FEB 1994,USA,3,"Edwin Moses Track, Atlanta, GA (USA)",31 MAY 2024,1170
86,286,49.19,,Yeral NUÑEZ,09 JAN 2003,DOM,4,"Zdzisław Krzyszkowiak Stadium, Bydgoszcz (POL)",20 JUN 2024,1170
87,288,49.2,,Mikael Antonio DE JESUS,19 AUG 1997,POR,1,"Pista de Atletismo da Universidade Federal do Mato Grosso, Cuiaba (BRA)",11 MAY 2024,1170
88,288,49.2,,Yusaku KODAMA,16 DEC 2000,JPN,4f3,"Yanmar Stadium Nagai, Osaka (JPN)",12 MAY 2024,1170
89,288,49.2,,Ezekiel NATHANIEL,20 JUN 2003,NGR,1pr6,"John McDonnell Field, Fayetteville, AR (USA)",22 MAY 2024,1170
90,288,49.2,,Sergio FERNÁNDEZ,01 APR 1993,ESP,3,"Estadio Vallehermoso, Madrid (ESP)",21 JUN 2024,1170
91,288,49.2,,Vít MÜLLER,31 AUG 1996,CZE,8,"Stadion Śląski, Chorzów (POL)",25 AUG 2024,1170
92,293,49.22,,Daiki OGAWA,17 APR 2003,JPN,5f3,"Yanmar Stadium Nagai, Osaka (JPN)",12 MAY 2024,1169
93,293,49.22,,David KENDZIERA,09 SEP 1994,USA,4sf3,"Hayward Field, Eugene, OR (USA)",28 JUN 2024,1169
94,293,49.22,,Wiseman Were MUKHOBE,13 OCT 1997,KEN,5sf3,"Stade de France, Paris (FRA)",07 AUG 2024,1169
95,293,49.22,,Masaya ODA,11 MAY 1995,JPN,2f3,"Denka Big Swan Stadium, Niigata (JPN)",29 SEP 2024,1169
96,297,49.23,,Kaito TSUTSUE,02 JUL 1998,JPN,1f1,"Hakatanomori Athletic Stadium, Fukuoka (JPN)",13 APR 2024,1168
97,297,49.23,,Tyri DONOVAN,20 OCT 1998,GBR,1f1,"Thames Valley Athletics Stadium, Eton (GBR)",01 JUN 2024,1168
98,297,49.23,,Oskar EDLUND,16 NOV 2002,SWE,5,"Hayward Field, Eugene, OR (USA)",07 JUN 2024,1168
99,297,49.23,,Roxroy CATO,05 JAN 1988,JAM,1,"Terry Fox AF, Ottawa (CAN)",06 JUL 2024,1168
0,297,49.23,,Berke AKÇAM,10 APR 2002,TUR,8,"Stade Charléty, Paris (FRA)",07 JUL 2024,1168
1,297,49.23,,Marc Anthony IBRAHIM,05 DEC 2002,LBN,1f1,"Camille Chamoun Sports City Stadium, Beirut (LBN)",21 JUL 2024,1168
2,297,49.23,,Roshawn CLARKE,01 JUL 2004,JAM,4f1,"Stadio Comunale, Bellinzona (SUI)",09 SEP 2024,1168
3,297,49.23,,Ryosuke TAKAHASHI,20 JUN 2003,JPN,3,"Todoroki Stadium, Kawasaki (JPN)",22 SEP 2024,1168
4,305,49.24,,Le Roux HAMMAN,06 JAN 1992,RSA,1,"McArthur Stadium, Potchefstroom (RSA)",11 MAY 2024,1168
5,305,49.24,,Rasheeme GRIFFITH,03 MAY 2000,BAR,2,"Percy Beard Track, Gainesville, FL (USA)",11 MAY 2024,1168
6,305,49.24,,Emil AGYEKUM,22 MAY 1999,GER,1f1,"Universitätsstadion Am Biopark, Regensburg (GER)",25 MAY 2024,1168
7,305,49.24,,Joshua FAULDS,07 MAR 2000,GBR,1f3,"Boudewijnstadion, Bruxelles (BEL)",26 MAY 2024,1168
8,305,49.24,,Kemorena TISANG,25 APR 1995,BOT,2,"Stade Omnisport de JAPOMA, Douala (CMR)",23 JUN 2024,1168
9,305,49.24,,Shunta INOUE,04 JUL 2002,JPN,3h1,"Denka Big Swan Stadium, Niigata (JPN)",27 JUN 2024,1168
10,305,49.24,,Efekemo OKORO,21 FEB 1992,GBR,1h4,"Manchester Regional Arena, Manchester (GBR)",29 JUN 2024,1168
11,305,49.24,,Kyron MCMASTER,03 JAN 1997,IVB,3h1,"Stade de France, Paris (FRA)",05 AUG 2024,1168
12,305,49.24,,Ryosuke TAKAHASHI,20 JUN 2003,JPN,1sf1,"Todoroki Stadium, Kawasaki (JPN)",21 SEP 2024,1168
13,305,49.24,,Haruto DEGUCHI,23 SEP 2001,JPN,3f3,"Denka Big Swan Stadium, Niigata (JPN)",29 SEP 2024,1168
14,315,49.25,,Vít MÜLLER,31 AUG 1996,CZE,6sf3,"Stadio Olimpico, Roma (ITA)",10 JUN 2024,1167
15,315,49.25,,Dany BRAND,23 FEB 1996,SUI,5,"Zdzisław Krzyszkowiak Stadium, Bydgoszcz (POL)",20 JUN 2024,1167
16,315,49.25,,Emil AGYEKUM,22 MAY 1999,GER,1,"Eintracht-Stadion, Braunschweig (GER)",30 JUN 2024,1167
17,315,49.25,,Daiki OGAWA,17 APR 2003,JPN,51,"Stade de France, Paris (FRA)",06 AUG 2024,1167
18,319,49.26,,Marc Anthony IBRAHIM,05 DEC 2002,LBN,1,"Bestmed Tuks Stadium, Pretoria (RSA)",18 MAR 2024,1167
19,319,49.26,,Corde LONG,11 JUL 2002,USA,1f4,"Univ. of Arizona Roy P. Drachman Stadium, Tucson, AZ (USA)",27 APR 2024,1167
20,319,49.26,,Joshua ABUAKU,07 JUL 1996,GER,2,"Centro Sportivo Fontanassa, Savona (ITA)",15 MAY 2024,1167
21,319,49.26,,Efekemo OKORO,21 FEB 1992,GBR,1,"Atletski stadion Poljane, Maribor (SLO)",19 JUN 2024,1167
22,319,49.26,,Alex KNIBBS,26 APR 1999,GBR,2f1,"Ratinan Stadion, Tampere (FIN)",25 AUG 2024,1167
23,319,49.26,,Vance NILSSON,07 NOV 2005,USA,1,"Estadio Atlético de la VIDENA, Lima (PER)",31 AUG 2024,1167
24,325,49.27,,James SMITH II,22 MAY 2000,USA,1f2,"Hilmer Lodge Stadium, Walnut, CA (USA)",20 APR 2024,1166
25,325,49.27,,Guillermo CAMPOS,05 JUL 2001,MEX,2,"Pista de Atletismo da Universidade Federal do Mato Grosso, Cuiaba (BRA)",11 MAY 2024,1166
26,325,49.27,,Corde LONG,11 JUL 2002,USA,1sf2,"Un. of Kentucky Outdoor Track Facility, Lexington, KY (USA)",24 MAY 2024,1166
27,325,49.27,,Soujiro MORITAKA,21 JAN 2003,JPN,1f2,"Denka Big Swan Stadium, Niigata (JPN)",29 SEP 2024,1166
28,329,49.28,,Yusaku KODAMA,16 DEC 2000,JPN,4,"Denka Big Swan Stadium, Niigata (JPN)",28 JUN 2024,1166
29,329,49.28,,Tyri DONOVAN,20 OCT 1998,GBR,1f1,"Alexander Stadium, Birmingham (GBR)",03 AUG 2024,1166
30,331,49.29,,David KENDZIERA,09 SEP 1994,USA,4,"Suhaim bin Hamad Stadium, Doha (QAT)",10 MAY 2024,1165
31,331,49.29,,Jiahui SONG,23 FEB 2002,CHN,1,"Sports Center, Quzhou (CHN)",16 SEP 2024,1165
32,333,49.3,,Wiseman Were MUKHOBE,13 OCT 1997,KEN,5,"National Stadium, Tokyo (JPN)",19 MAY 2024,1165
33,333,49.3,,Berke AKÇAM,10 APR 2002,TUR,1f2,"Atatürk Stadyumu, Izmir (TUR)",25 MAY 2024,1165
34,333,49.3,,Shunta INOUE,04 JUL 2002,JPN,5,"Denka Big Swan Stadium, Niigata (JPN)",28 JUN 2024,1165
35,333,49.3,,Michal RADA,25 MAY 2007,CZE,2,"Estadio Atlético de la VIDENA, Lima (PER)",31 AUG 2024,1165
36,337,49.31,,David KENDZIERA,09 SEP 1994,USA,2f2,"Hilmer Lodge Stadium, Walnut, CA (USA)",20 APR 2024,1164
37,337,49.31,,Daiki OGAWA,17 APR 2003,JPN,6,"National Stadium, Tokyo (JPN)",19 MAY 2024,1164
38,337,49.31,,Thomas BARR,24 JUL 1992,IRL,1h1,"Stadio Olimpico, Roma (ITA)",09 JUN 2024,1164
39,337,49.31,,Abderrahman SAMBA,05 SEP 1995,QAT,2,"Centro Gabre Gabric, Brescia (ITA)",08 SEP 2024,1164
40,341,49.32,,Haruto DEGUCHI,23 SEP 2001,JPN,2f1,"Hakatanomori Athletic Stadium, Fukuoka (JPN)",13 APR 2024,1164
41,341,49.32,,Berke AKÇAM,10 APR 2002,TUR,1h2,"Stadio Olimpico, Roma (ITA)",09 JUN 2024,1164
42,341,49.32,,Masaya ODA,11 MAY 1995,JPN,2,"Lemon Gas Stadium, Hiratsuka (JPN)",20 JUL 2024,1164
43,341,49.32,,Ryosuke TAKAHASHI,20 JUN 2003,JPN,3,"Lemon Gas Stadium, Hiratsuka (JPN)",20 JUL 2024,1164
44,345,49.33,,Fyodor IVANOV,20 MAY 2002,RUS,1f2,"Olympic Stadium, Cheboksary (RUS)",22 JUN 2024,1163
45,345,49.33,,Julien BONVIN,10 JAN 1999,SUI,2,"Stadion Deutweg, Winterthur (SUI)",29 JUN 2024,1163
46,345,49.33,,Joshua ABUAKU,07 JUL 1996,GER,4,"Olympiastadion, Berlin (GER)",01 SEP 2024,1163
47,345,49.33,,Debin GONG,09 SEP 1997,CHN,2,"Sports Center, Quzhou (CHN)",16 SEP 2024,1163
48,349,49.34,,Jesús David DELGADO,17 JUN 1999,ESP,1,"Estadio Los Pajaritos, Soria (ESP)",04 MAY 2024,1163
49,349,49.34,,Sergio FERNÁNDEZ,01 APR 1993,ESP,5sf2,"Stadio Olimpico, Roma (ITA)",10 JUN 2024,1163
50,349,49.34,,Chris ROBINSON,19 FEB 2001,USA,2sf1,"Hayward Field, Eugene, OR (USA)",28 JUN 2024,1163
51,349,49.34,,Carl BENGTSTRÖM,13 JAN 2000,SWE,4h1,"Stade de France, Paris (FRA)",05 AUG 2024,1163
52,353,49.35,,Le Roux HAMMAN,06 JAN 1992,RSA,2,"Bestmed Tuks Stadium, Pretoria (RSA)",18 MAR 2024,1162
53,353,49.35,,Marc Anthony IBRAHIM,05 DEC 2002,LBN,1f1,"Dubai Police Club Stadium, Dubai (UAE)",03 MAY 2024,1162
54,353,49.35,,Giacomo BERTONCELLI,19 MAR 1999,ITA,1f1,"Bungertstadion, Rehlingen (GER)",19 MAY 2024,1162
55,353,49.35,,Joshua FAULDS,07 MAR 2000,GBR,3f1,"Ratinan Stadion, Tampere (FIN)",25 AUG 2024,1162
56,353,49.35,,Trevor BASSITT,26 FEB 1998,USA,5f1,"Stadio Comunale, Bellinzona (SUI)",09 SEP 2024,1162
57,353,49.35,,Soujiro MORITAKA,21 JAN 2003,JPN,2sf1,"Todoroki Stadium, Kawasaki (JPN)",21 SEP 2024,1162
58,359,49.36,,Zhiyu XIE,24 MAR 2000,CHN,1,"Zhaoqing Sports Center, Zhaoqing (CHN)",10 APR 2024,1162
59,359,49.36,,Yusaku KODAMA,16 DEC 2000,JPN,3f3,"Prefectural Shizuoka Stadium, Fukuroi (JPN)",03 MAY 2024,1162
60,359,49.36,,Ezekiel NATHANIEL,20 JUN 2003,NGR,1h2,"John McDonnell Field, Fayetteville, AR (USA)",24 MAY 2024,1162
61,359,49.36,,Abdelmalik LAHOULOU,07 MAY 1992,ALG,1f1,"Stade L. Masson, Tarare (FRA)",15 JUN 2024,1162
62,359,49.36,,Abdelmalik LAHOULOU,07 MAY 1992,ALG,3,"Stade Omnisport de JAPOMA, Douala (CMR)",23 JUN 2024,1162
63,359,49.36,,Yusaku KODAMA,16 DEC 2000,JPN,1h3,"Denka Big Swan Stadium, Niigata (JPN)",27 JUN 2024,1162
64,359,49.36,,Antti SAINIO,17 MAY 2005,FIN,1sf2,"Estadio Atlético de la VIDENA, Lima (PER)",30 AUG 2024,1162
65,359,49.36,,Michal RADA,25 MAY 2007,CZE,2sf2,"Estadio Atlético de la VIDENA, Lima (PER)",30 AUG 2024,1162
66,359,49.36,,Ryosuke TAKAHASHI,20 JUN 2003,JPN,4f3,"Denka Big Swan Stadium, Niigata (JPN)",29 SEP 2024,1162
67,368,49.37,,Joshua ABUAKU,07 JUL 1996,GER,5,"Bislett Stadion, Oslo (NOR)",30 MAY 2024,1161
68,368,49.37,,Nick SMIDT,12 MAY 1997,NED,1h2,"FBK Stadium, Hengelo (NED)",28 JUN 2024,1161
69,368,49.37,,Alex KNIBBS,26 APR 1999,GBR,2,"Manchester Regional Arena, Manchester (GBR)",30 JUN 2024,1161
70,368,49.37,,Malik JAMES-KING,28 JUN 1999,JAM,6,"Boudewijnstadion, Bruxelles (BEL)",14 SEP 2024,1161
71,372,49.38,,Victor NTWENG,01 DEC 1995,BOT,2,"University of Ghana Sports Stadium, Accra (GHA)",21 MAR 2024,1161
72,372,49.38,,Ken TOYODA,15 OCT 2002,JPN,1f2,"Keio Univ. Hiyoshi Athletics Field, Yokohama (JPN)",06 APR 2024,1161
73,372,49.38,,Gerald DRUMMOND,05 SEP 1994,CRC,4f1,"Percy Beard Track, Gainesville, FL (USA)",12 APR 2024,1161
74,372,49.38,,Oskar EDLUND,16 NOV 2002,SWE,1pr3,"John McDonnell Field, Fayetteville, AR (USA)",22 MAY 2024,1161
75,372,49.38,,Vít MÜLLER,31 AUG 1996,CZE,2h1,"Stadio Olimpico, Roma (ITA)",09 JUN 2024,1161
76,372,49.38,,Jesús David DELGADO,17 JUN 1999,ESP,7sf3,"Stadio Olimpico, Roma (ITA)",10 JUN 2024,1161
77,372,49.38,,Trevor BASSITT,26 FEB 1998,USA,5h2,"Stade de France, Paris (FRA)",05 AUG 2024,1161
78,372,49.38,,Emil AGYEKUM,22 MAY 1999,GER,4h3,"Stade de France, Paris (FRA)",05 AUG 2024,1161
79,372,49.38,,Tyri DONOVAN,20 OCT 1998,GBR,2,"Manchester Regional Arena, Manchester (GBR)",24 AUG 2024,1161
80,381,49.39,,Joshua ABUAKU,07 JUL 1996,GER,1f2,"Bungertstadion, Rehlingen (GER)",19 MAY 2024,1160
81,381,49.39,,Julien BONVIN,10 JAN 1999,SUI,2f1,"Stade de La Charrière, La Chaux-de-Fonds (SUI)",14 JUL 2024,1160
82,383,49.4,,Le Roux HAMMAN,06 JAN 1992,RSA,1f2,"UJ Stadium, Johannesburg (RSA)",27 MAR 2024,1160
83,383,49.4,,Ja'Kwan HALE,,USA,1sf3,"Un. of Kentucky Outdoor Track Facility, Lexington, KY (USA)",24 MAY 2024,1160
84,383,49.4,,James SMITH II,22 MAY 2000,USA,4,"Edwin Moses Track, Atlanta, GA (USA)",31 MAY 2024,1160
85,383,49.4,,Kaito TSUTSUE,02 JUL 1998,JPN,2h2,"Denka Big Swan Stadium, Niigata (JPN)",27 JUN 2024,1160
86,383,49.4,,Haruto DEGUCHI,23 SEP 2001,JPN,6,"Denka Big Swan Stadium, Niigata (JPN)",28 JUN 2024,1160
87,383,49.4,,Tyri DONOVAN,20 OCT 1998,GBR,1f2,"David Weir Leisure Centre, London (GBR)",05 JUL 2024,1160
88,383,49.4,,Zhiyu XIE,24 MAR 2000,CHN,3,"Sports Center, Quzhou (CHN)",16 SEP 2024,1160
89,390,49.41,,Wiseman Were MUKHOBE,13 OCT 1997,KEN,1h3,"University of Ghana Sports Stadium, Accra (GHA)",20 MAR 2024,1159
90,390,49.41,,Giacomo BERTONCELLI,19 MAR 1999,ITA,3h1,"Stadio Olimpico, Roma (ITA)",09 JUN 2024,1159
91,390,49.41,,Mikael Antonio DE JESUS,19 AUG 1997,POR,4h1,"Stadio Olimpico, Roma (ITA)",09 JUN 2024,1159
92,390,49.41,,Julien BONVIN,10 JAN 1999,SUI,2h2,"Stadio Olimpico, Roma (ITA)",09 JUN 2024,1159
93,390,49.41,,Debin GONG,09 SEP 1997,CHN,1,"Kuishan Sports Center, Rizhao (CHN)",29 JUN 2024,1159
94,390,49.41,,Vít MÜLLER,31 AUG 1996,CZE,1f1,"Stadion Míru, Tábor (CZE)",08 SEP 2024,1159
95,396,49.42,,Marc Anthony IBRAHIM,05 DEC 2002,LBN,1,"Camille Chamoun Sports City Stadium, Beirut (LBN)",27 APR 2024,1159
96,396,49.42,,Constantin PREIS,16 MAY 1998,GER,2f1,"Universitätsstadion Am Biopark, Regensburg (GER)",25 MAY 2024,1159
97,396,49.42,,CJ ALLEN,14 FEB 1995,USA,6,"Bislett Stadion, Oslo (NOR)",30 MAY 2024,1159
98,396,49.42,,Jesús David DELGADO,17 JUN 1999,ESP,4,"Estadio Vallehermoso, Madrid (ESP)",21 JUN 2024,1159
99,396,49.42,,Vít MÜLLER,31 AUG 1996,CZE,1,"Golęcin Stadion, Poznan (POL)",23 JUN 2024,1159
0,396,49.42,,Nick SMIDT,12 MAY 1997,NED,1,"FBK Stadium, Hengelo (NED)",29 JUN 2024,1159
1,396,49.42,,Zhiyu XIE,24 MAR 2000,CHN,2,"Kuishan Sports Center, Rizhao (CHN)",29 JUN 2024,1159
2,403,49.43,,James SMITH II,22 MAY 2000,USA,2f4,"Univ. of Arizona Roy P. Drachman Stadium, Tucson, AZ (USA)",27 APR 2024,1158
3,403,49.43,,Tyri DONOVAN,20 OCT 1998,GBR,1,"Weir Archer Athletics and Fitness Centre, Kingston, London (GBR)",12 MAY 2024,1158
4,403,49.43,,Julien BONVIN,10 JAN 1999,SUI,3,"Stade Delort, Marseille (FRA)",22 MAY 2024,1158
5,403,49.43,,Daiki OGAWA,17 APR 2003,JPN,1f3,"Taipei Municipal Stadium, Taipei City (TPE)",02 JUN 2024,1158
6,403,49.43,,Nick SMIDT,12 MAY 1997,NED,8,"Stadio Olimpico, Roma (ITA)",11 JUN 2024,1158
7,403,49.43,,James SMITH II,22 MAY 2000,USA,3sf1,"Hayward Field, Eugene, OR (USA)",28 JUN 2024,1158
8,403,49.43,,Jesús David DELGADO,17 JUN 1999,ESP,1,"Estadi Olímpic Camilo Cano, La Nucia (ESP)",29 JUN 2024,1158
9,403,49.43,,Fyodor IVANOV,20 MAY 2002,RUS,1f2,"Olympic Stadium, Cheboksary (RUS)",09 JUL 2024,1158
10,411,49.44,,Jesús David DELGADO,17 JUN 1999,ESP,2f1,"Bungertstadion, Rehlingen (GER)",19 MAY 2024,1158
11,411,49.44,,Javed JONES,21 DEC 1999,JAM,3sf1,"Un. of Kentucky Outdoor Track Facility, Lexington, KY (USA)",24 MAY 2024,1158
12,411,49.44,,Sean BURRELL,23 FEB 2002,USA,2sf2,"Un. of Kentucky Outdoor Track Facility, Lexington, KY (USA)",24 MAY 2024,1158
13,411,49.44,,Yusaku KODAMA,16 DEC 2000,JPN,2f3,"Taipei Municipal Stadium, Taipei City (TPE)",02 JUN 2024,1158
14,411,49.44,,Yeral NUÑEZ,09 JAN 2003,DOM,1,"Stadion Juliska, Praha (CZE)",03 JUN 2024,1158
15,411,49.44,,Oskar EDLUND,16 NOV 2002,SWE,2sf2,"Hayward Field, Eugene, OR (USA)",05 JUN 2024,1158
16,411,49.44,,Masaya ODA,11 MAY 1995,JPN,7,"Denka Big Swan Stadium, Niigata (JPN)",28 JUN 2024,1158
17,411,49.44,,Efekemo OKORO,21 FEB 1992,GBR,3,"Manchester Regional Arena, Manchester (GBR)",30 JUN 2024,1158
18,411,49.44,,Vít MÜLLER,31 AUG 1996,CZE,6h2,"Stade de France, Paris (FRA)",05 AUG 2024,1158
19,420,49.45,,Victor NTWENG,01 DEC 1995,BOT,1h1,"University of Ghana Sports Stadium, Accra (GHA)",20 MAR 2024,1157
20,420,49.45,,Lindukuhle GORA,31 JAN 2001,RSA,1,"Msunduzi Athletics Stadium, Pietermaritzburg (RSA)",19 APR 2024,1157
21,420,49.45,,Giacomo BERTONCELLI,19 MAR 1999,ITA,2f1,"Estadio Iberoamericano, Huelva (ESP)",30 APR 2024,1157
22,420,49.45,,Caleb DEAN,20 JUN 2001,USA,1h3,"Hayward Field, Eugene, OR (USA)",27 JUN 2024,1157
23,420,49.45,,Efekemo OKORO,21 FEB 1992,GBR,2f1,"AtletiekArena Gaston Roelants Kessel-Lo / Hal 5, Leuven (BEL)",27 JUL 2024,1157
24,425,49.46,,Vít MÜLLER,31 AUG 1996,CZE,3f1,"Bungertstadion, Rehlingen (GER)",19 MAY 2024,1157
25,425,49.46,,Thomas BARR,24 JUL 1992,IRL,4,"Paavo Nurmen Stadion, Turku (FIN)",18 JUN 2024,1157
26,425,49.46,,Rasheeme GRIFFITH,03 MAY 2000,BAR,h1,"National Stadium, Kingston (JAM)",27 JUN 2024,1157
27,428,49.47,,Khallifah ROSSER,13 JUL 1995,USA,7,"Drake Stadium, Los Angeles, CA (USA)",18 MAY 2024,1156
28,428,49.47,,Corde LONG,11 JUL 2002,USA,6,"Hayward Field, Eugene, OR (USA)",07 JUN 2024,1156
29,428,49.47,,Aldrich BAILEY JR,06 FEB 1994,USA,1,"The Bahamas National Stadium, Nassau (BAH)",16 JUN 2024,1156
30,428,49.47,,Efekemo OKORO,21 FEB 1992,GBR,1,"Stratford Community Track, London (GBR)",08 SEP 2024,1156
31,432,49.48,,Sabelo DHLAMINI,17 JAN 1995,RSA,2,"Msunduzi Athletics Stadium, Pietermaritzburg (RSA)",19 APR 2024,1156
32,432,49.48,,Jaheel HYDE,02 FEB 1997,JAM,3,"National Stadium, Kingston (JAM)",11 MAY 2024,1156
33,432,49.48,,Constantin PREIS,16 MAY 1998,GER,2f2,"Bungertstadion, Rehlingen (GER)",19 MAY 2024,1156
34,432,49.48,,Dany BRAND,23 FEB 1996,SUI,1f1,"Sportanlage Neudorf, St. Gallen (SUI)",25 MAY 2024,1156
35,432,49.48,,Wilfried HAPPIO,22 SEP 1998,FRA,4,"Mestský Stadion, Ostrava (CZE)",28 MAY 2024,1156
36,432,49.48,,Roxroy CATO,05 JAN 1988,JAM,1h3,"National Stadium, Kingston (JAM)",27 JUN 2024,1156
37,432,49.48,,Tatsuhiro YAMAMOTO,23 APR 1997,JPN,8,"Denka Big Swan Stadium, Niigata (JPN)",28 JUN 2024,1156
38,432,49.48,,Berke AKÇAM,10 APR 2002,TUR,5h5,"Stade de France, Paris (FRA)",05 AUG 2024,1156
39,432,49.48,,Hidai FUKAMACHI,08 JAN 2002,JPN,4sf3,"Todoroki Stadium, Kawasaki (JPN)",21 SEP 2024,1156
40,441,49.49,,Ezekiel NATHANIEL,20 JUN 2003,NGR,1h2,"Clyde Hart Track & Field Stadium, Waco, TX (USA)",09 MAY 2024,1155
41,441,49.49,,Marc Anthony IBRAHIM,05 DEC 2002,LBN,1,"Suez Canal Authority Stadium, Ismailia (EGY)",18 MAY 2024,1155
42,441,49.49,,Craig SADDLER,11 APR 2002,USA,2sf3,"Un. of Kentucky Outdoor Track Facility, Lexington, KY (USA)",24 MAY 2024,1155
43,441,49.49,,Ja'Kwan HALE,,USA,7,"Hayward Field, Eugene, OR (USA)",07 JUN 2024,1155
44,441,49.49,,Soujiro MORITAKA,21 JAN 2003,JPN,4,"Todoroki Stadium, Kawasaki (JPN)",22 SEP 2024,1155
45,446,49.5,,Le Roux HAMMAN,06 JAN 1992,RSA,1,"Pilditch Stadium, Pretoria (RSA)",18 MAY 2024,1155
46,446,49.5,,Rasheeme GRIFFITH,03 MAY 2000,BAR,3sf2,"Un. of Kentucky Outdoor Track Facility, Lexington, KY (USA)",24 MAY 2024,1155
47,446,49.5,,Berke AKÇAM,10 APR 2002,TUR,1,"Kuortaneen keskusurheilukenttä, Kuortane (FIN)",22 JUN 2024,1155
48,446,49.5,,Shuta NAKAI,03 DEC 2001,JPN,1f2,"Hokuroku Park Athletic Field, Fujiyoshida (JPN)",18 AUG 2024,1155
49,450,49.51,,Malik JAMES-KING,28 JUN 1999,JAM,5,"Hayward Field, Eugene, OR (USA)",25 MAY 2024,1154
50,450,49.51,,Corde LONG,11 JUL 2002,USA,3sf1,"Hayward Field, Eugene, OR (USA)",05 JUN 2024,1154
51,450,49.51,,Thomas BARR,24 JUL 1992,IRL,2f2,"Centre sportif Bout-du-Monde, Genève (SUI)",22 JUN 2024,1154
52,450,49.51,,Wiseman Were MUKHOBE,13 OCT 1997,KEN,2h2,"Stade Omnisport de JAPOMA, Douala (CMR)",22 JUN 2024,1154
53,450,49.51,,Joshua ABUAKU,07 JUL 1996,GER,1f1,"Mommsenstadion, Berlin (GER)",26 JUL 2024,1154
54,455,49.52,,Shakeem HALL-SMITH,21 APR 1997,BAH,3,"Drake Stadium, Des Moines, IA (USA)",27 APR 2024,1154
55,455,49.52,,Sergio FERNÁNDEZ,01 APR 1993,ESP,1,"Estadi Joan Serrahima, Barcelona (ESP)",19 MAY 2024,1154
56,455,49.52,,Emil AGYEKUM,22 MAY 1999,GER,5,"Mestský Stadion, Ostrava (CZE)",28 MAY 2024,1154
57,455,49.52,,David THID,06 APR 2003,SWE,8sf3,"Stadio Olimpico, Roma (ITA)",10 JUN 2024,1154
58,455,49.52,,Owe FISCHER-BREIHOLZ,05 MAY 2004,GER,2,"Eintracht-Stadion, Braunschweig (GER)",30 JUN 2024,1154
59,455,49.52,,Joshua FAULDS,07 MAR 2000,GBR,3,"Stadio G. Teghil, Lignano Sabbiadoro (ITA)",14 JUL 2024,1154
60,455,49.52,,Alastair CHALMERS,31 MAR 2000,GBR,8,"Olympic Stadium, London (GBR)",20 JUL 2024,1154
61,462,49.53,,Yeral NUÑEZ,09 JAN 2003,DOM,1f1,"Percy Beard Track, Gainesville, FL (USA)",29 MAR 2024,1153
62,462,49.53,,James SMITH II,22 MAY 2000,USA,1f1,"Cougar Athletic Stadium, Azusa, CA (USA)",13 APR 2024,1153
63,464,49.54,,Alastair CHALMERS,31 MAR 2000,GBR,2f1,"Percy Beard Track, Gainesville, FL (USA)",29 MAR 2024,1153
64,464,49.54,,Ja'Kwan HALE,,USA,3,"Percy Beard Track, Gainesville, FL (USA)",11 MAY 2024,1153
65,464,49.54,,Julien BONVIN,10 JAN 1999,SUI,3f2,"Bungertstadion, Rehlingen (GER)",19 MAY 2024,1153
66,464,49.54,,Nikola KOSTIĆ,04 FEB 2004,SRB,2f2,"Atatürk Stadyumu, Izmir (TUR)",25 MAY 2024,1153
67,464,49.54,,Chris ROBINSON,19 FEB 2001,USA,1h2,"Hayward Field, Eugene, OR (USA)",27 JUN 2024,1153
68,464,49.54,,Roxroy CATO,05 JAN 1988,JAM,5,"National Stadium, Kingston (JAM)",28 JUN 2024,1153
69,464,49.54,,Wilfried HAPPIO,22 SEP 1998,FRA,1,"Stade Josette et Roger Mikulak, Angers (FRA)",30 JUN 2024,1153
70,471,49.55,,Guillermo CAMPOS,05 JUL 2001,MEX,1f1,"Pista del Centro Deportivo Borregos, Estadio Azul ITESM, Monterrey (MEX)",25 FEB 2024,1152
71,471,49.55,,Marc Anthony IBRAHIM,05 DEC 2002,LBN,1h1,"Coetzenburg Stadium, Stellenbosch (RSA)",05 APR 2024,1152
72,471,49.55,,Alastair CHALMERS,31 MAR 2000,GBR,2f1,"Boudewijnstadion, Bruxelles (BEL)",26 MAY 2024,1152
73,474,49.56,,Assinie WILSON,10 APR 2002,JAM,1,"National Stadium, Kingston (JAM)",18 MAY 2024,1152
74,474,49.56,,Le Roux HAMMAN,06 JAN 1992,RSA,2f1,"McArthur Stadium, Potchefstroom (RSA)",25 MAY 2024,1152
75,474,49.56,,Dany BRAND,23 FEB 1996,SUI,6,"Mestský Stadion, Ostrava (CZE)",28 MAY 2024,1152
76,474,49.56,,Marc Anthony IBRAHIM,05 DEC 2002,LBN,2,"Stadion Juliska, Praha (CZE)",03 JUN 2024,1152
77,474,49.56,,Rai BENJAMIN,27 JUL 1997,USA,1h1,"Hayward Field, Eugene, OR (USA)",27 JUN 2024,1152
78,474,49.56,,James SMITH II,22 MAY 2000,USA,3,"Percy Beard Track, Gainesville, FL (USA)",19 JUL 2024,1152
79,474,49.56,,Carl BENGTSTRÖM,13 JAN 2000,SWE,6sf3,"Stade de France, Paris (FRA)",07 AUG 2024,1152
80,474,49.56,,Ryoma KONNO,29 AUG 2004,JPN,1f1,"Denka Big Swan Stadium, Niigata (JPN)",29 SEP 2024,1152
81,482,49.57,,Ezekiel NATHANIEL,20 JUN 2003,NGR,2f1,"LSU Bernie Moore Stadium, Baton Rouge, LA (USA)",29 MAR 2024,1151
82,482,49.57,,Njabulo MBATHA,24 APR 2007,RSA,3,"Msunduzi Athletics Stadium, Pietermaritzburg (RSA)",19 APR 2024,1151
83,482,49.57,,Yusaku KODAMA,16 DEC 2000,JPN,7,"National Stadium, Tokyo (JPN)",19 MAY 2024,1151
84,482,49.57,,Nick SMIDT,12 MAY 1997,NED,2sf1,"Stadio Olimpico, Roma (ITA)",10 JUN 2024,1151
85,482,49.57,,Mario LAMBRUGHI,05 FEB 1992,ITA,5,"Estadio Vallehermoso, Madrid (ESP)",21 JUN 2024,1151
86,487,49.58,,Thomas BARR,24 JUL 1992,IRL,3f1,"Boudewijnstadion, Bruxelles (BEL)",26 MAY 2024,1151
87,487,49.58,,Nick SMIDT,12 MAY 1997,NED,3f2,"Centre sportif Bout-du-Monde, Genève (SUI)",22 JUN 2024,1151
88,487,49.58,,Aaron SHIRLEY,01 FEB 2001,USA,5sf3,"Hayward Field, Eugene, OR (USA)",28 JUN 2024,1151
89,487,49.58,,Dany BRAND,23 FEB 1996,SUI,1h4,"Stadion Deutweg, Winterthur (SUI)",28 JUN 2024,1151
90,487,49.58,,Fyodor IVANOV,20 MAY 2002,RUS,1,"Kalininets Stadium, Yekaterinburg (RUS)",17 AUG 2024,1151
91,487,49.58,,Kiyoto YANAGITA,13 OCT 2004,JPN,2sf2,"Todoroki Stadium, Kawasaki (JPN)",21 SEP 2024,1151
92,493,49.59,,Drake SCHNEIDER,31 JAN 1999,USA,4,"Drake Stadium, Des Moines, IA (USA)",27 APR 2024,1150
93,493,49.59,,Constantin PREIS,16 MAY 1998,GER,4,"Stade Delort, Marseille (FRA)",22 MAY 2024,1150
94,493,49.59,,Kenji YAMAMOTO,28 AUG 1997,JPN,1h2,"Yanmar Stadium Nagai, Osaka (JPN)",01 JUN 2024,1150
95,493,49.59,,Sergio FERNÁNDEZ,01 APR 1993,ESP,3,"Stadion Juliska, Praha (CZE)",03 JUN 2024,1150
96,493,49.59,,Julien BONVIN,10 JAN 1999,SUI,2f1,"Stade d'Athletisme Pierre Voillequin, Troyes (FRA)",16 JUN 2024,1150
97,493,49.59,,Victor NTWENG,01 DEC 1995,BOT,5h3,"Stade de France, Paris (FRA)",05 AUG 2024,1150
98,493,49.59,,Zhiyu XIE,24 MAR 2000,CHN,43,"Stade de France, Paris (FRA)",06 AUG 2024,1150
99,493,49.59,,Vladimir LYSENKO,10 JUN 1998,RUS,2,"Kalininets Stadium, Yekaterinburg (RUS)",17 AUG 2024,1150
0,493,49.59,,Gerald DRUMMOND,05 SEP 1994,CRC,6,"Letzigrund, Zürich (SUI)",05 SEP 2024,1150
1,493,49.59,,Taiga KYOTAKE,02 OCT 2003,JPN,3sf1,"Todoroki Stadium, Kawasaki (JPN)",21 SEP 2024,1150
2,503,49.6,,Lindukuhle GORA,31 JAN 2001,RSA,1,"Pilditch Stadium, Pretoria (RSA)",08 MAR 2024,1150
3,503,49.6,,Pablo Andres IBAÑEZ GUEVARA,28 OCT 1998,ESA,5,"Drake Stadium, Des Moines, IA (USA)",27 APR 2024,1150
4,503,49.6,,Yeral NUÑEZ,09 JAN 2003,DOM,3,"Pista de Atletismo da Universidade Federal do Mato Grosso, Cuiaba (BRA)",11 MAY 2024,1150
5,503,49.6,,Thomas BARR,24 JUL 1992,IRL,1h1,"Morton Stadium, Santry, Dublin (IRL)",29 JUN 2024,1150
6,503,49.6,,Haruto DEGUCHI,23 SEP 2001,JPN,1f4,"Ishin Me-Life Stadium, Yamaguchi (JPN)",23 SEP 2024,1150
7,508,49.61,,Sean BURRELL,23 FEB 2002,USA,1,"LSU Bernie Moore Stadium, Baton Rouge, LA (USA)",27 APR 2024,1149
8,508,49.61,,Thomas BARR,24 JUL 1992,IRL,3sf1,"Stadio Olimpico, Roma (ITA)",10 JUN 2024,1149
9,508,49.61,,Abdelmalik LAHOULOU,07 MAY 1992,ALG,1,"Complexe Olympique Mohamed Boudiaf, Algiers (ALG)",30 JUN 2024,1149
10,508,49.61,,Nick SMIDT,12 MAY 1997,NED,6sf1,"Stade de France, Paris (FRA)",07 AUG 2024,1149
11,508,49.61,,Kunihiro OKAMURA,25 JUN 2000,JPN,1f1,"Hokuroku Park Athletic Field, Fujiyoshida (JPN)",18 AUG 2024,1149
12,508,49.61,,Antti SAINIO,17 MAY 2005,FIN,3,"Estadio Atlético de la VIDENA, Lima (PER)",31 AUG 2024,1149
13,514,49.62,,Berke AKÇAM,10 APR 2002,TUR,2,"Suez Canal Authority Stadium, Ismailia (EGY)",18 MAY 2024,1149
14,514,49.62,,Trevor BASSITT,26 FEB 1998,USA,6,"Hayward Field, Eugene, OR (USA)",25 MAY 2024,1149
15,514,49.62,,Abdelmalik LAHOULOU,07 MAY 1992,ALG,1f3,"Centro Sportivo G. Olmo-P. Ferro, Celle Ligure (ITA)",17 JUL 2024,1149
16,514,49.62,,Yuki MORIOKA,16 DEC 2003,JPN,4sf1,"Todoroki Stadium, Kawasaki (JPN)",21 SEP 2024,1149
17,518,49.63,,Shakeem HALL-SMITH,21 APR 1997,BAH,3,"Foote Field, Edmonton (CAN)",13 JUN 2024,1148
18,518,49.63,,Gerald DRUMMOND,05 SEP 1994,CRC,7,"Boudewijnstadion, Bruxelles (BEL)",14 SEP 2024,1148
19,520,49.64,,Ja'Kwan HALE,,USA,2h2,"Percy Beard Track, Gainesville, FL (USA)",09 MAY 2024,1148
20,520,49.64,,Fyodor IVANOV,20 MAY 2002,RUS,1f3,"Slava Metreveli Stadium, Sochi (RUS)",21 MAY 2024,1148
21,520,49.64,,Nikola KOSTIĆ,04 FEB 2004,SRB,6,"Zdzisław Krzyszkowiak Stadium, Bydgoszcz (POL)",20 JUN 2024,1148
22,520,49.64,,Bassem HEMEIDA,28 MAR 2000,QAT,61,"Stade de France, Paris (FRA)",06 AUG 2024,1148
23,524,49.65,,David KENDZIERA,09 SEP 1994,USA,1,"Ansin Sports Complex, Miramar, FL (USA)",06 APR 2024,1147
24,524,49.65,,Pablo Andres IBAÑEZ GUEVARA,28 OCT 1998,ESA,4,"Pista de Atletismo da Universidade Federal do Mato Grosso, Cuiaba (BRA)",11 MAY 2024,1147
25,524,49.65,,Kiyoto YANAGITA,13 OCT 2004,JPN,1f1,"Yanmar Stadium Nagai, Osaka (JPN)",01 JUN 2024,1147
26,527,49.66,,Giacomo BERTONCELLI,19 MAR 1999,ITA,7,"Mestský Stadion, Ostrava (CZE)",28 MAY 2024,1147
27,527,49.66,,Sergio FERNÁNDEZ,01 APR 1993,ESP,1h3,"Estadi Olímpic Camilo Cano, La Nucia (ESP)",28 JUN 2024,1147
28,527,49.66,,Fantin CRISCI,17 MAY 2002,FRA,2,"Stade Josette et Roger Mikulak, Angers (FRA)",30 JUN 2024,1147
29,527,49.66,,Jake MINSHULL,11 OCT 2004,GBR,2,"Stratford Community Track, London (GBR)",08 SEP 2024,1147
30,527,49.66,,Kunihiro OKAMURA,25 JUN 2000,JPN,3sf2,"Todoroki Stadium, Kawasaki (JPN)",21 SEP 2024,1147
31,532,49.67,,Khallifah ROSSER,13 JUL 1995,USA,6,"Drake Stadium, Des Moines, IA (USA)",27 APR 2024,1146
32,532,49.67,,Jiahui SONG,23 FEB 2002,CHN,3,"Kuishan Sports Center, Rizhao (CHN)",29 JUN 2024,1146
33,532,49.67,,Saber BOUKEMOUCHE,20 APR 1992,ALG,1,"Complexe Olympique Mohamed Boudiaf, Algiers (ALG)",16 JUL 2024,1146
34,535,49.68,,Thomas BARR,24 JUL 1992,IRL,5,"Stade Delort, Marseille (FRA)",22 MAY 2024,1146
35,535,49.68,,Constantin PREIS,16 MAY 1998,GER,4sf1,"Stadio Olimpico, Roma (ITA)",10 JUN 2024,1146
36,535,49.68,,Masaya ODA,11 MAY 1995,JPN,2h3,"Denka Big Swan Stadium, Niigata (JPN)",27 JUN 2024,1146
37,535,49.68,,Gerald DRUMMOND,05 SEP 1994,CRC,7sf3,"Stade de France, Paris (FRA)",07 AUG 2024,1146
38,535,49.68,,Mahdi PIRJAHAN,23 SEP 1999,IRI,1,"5 Mordad Stadium, Arak (IRI)",20 AUG 2024,1146
39,535,49.68,,Njabulo MBATHA,24 APR 2007,RSA,4,"Estadio Atlético de la VIDENA, Lima (PER)",31 AUG 2024,1146
40,535,49.68,,Soujiro MORITAKA,21 JAN 2003,JPN,1h1,"Todoroki Stadium, Kawasaki (JPN)",20 SEP 2024,1146
41,542,49.69,,Yeral NUÑEZ,09 JAN 2003,DOM,2,"Ansin Sports Complex, Miramar, FL (USA)",06 APR 2024,1145
42,542,49.69,,Sean BURRELL,23 FEB 2002,USA,1f2,"Percy Beard Track, Gainesville, FL (USA)",12 APR 2024,1145
43,542,49.69,,Kemorena TISANG,25 APR 1995,BOT,1f2,"McArthur Stadium, Potchefstroom (RSA)",25 MAY 2024,1145
44,542,49.69,,Abderrahman SAMBA,05 SEP 1995,QAT,7,"Olympiastadion, Stockholm (SWE)",02 JUN 2024,1145
45,542,49.69,,Joshua FAULDS,07 MAR 2000,GBR,4f2,"Centre sportif Bout-du-Monde, Genève (SUI)",22 JUN 2024,1145
46,542,49.69,,Demar MURRAY,31 AUG 1991,JAM,6,"National Stadium, Kingston (JAM)",28 JUN 2024,1145
47,542,49.69,,Alex KNIBBS,26 APR 1999,GBR,3,"Centro Gabre Gabric, Brescia (ITA)",08 SEP 2024,1145
48,542,49.69,,Haruki MITSUYANAGI,23 FEB 2005,JPN,4sf2,"Todoroki Stadium, Kawasaki (JPN)",21 SEP 2024,1145
49,550,49.7,,Dany BRAND,23 FEB 1996,SUI,2,"Golęcin Stadion, Poznan (POL)",23 JUN 2024,1145
50,550,49.7,,Tatsuhiro YAMAMOTO,23 APR 1997,JPN,3h2,"Denka Big Swan Stadium, Niigata (JPN)",27 JUN 2024,1145
51,552,49.71,,Cory POOLE,29 JUL 1999,USA,5,"Edwin Moses Track, Atlanta, GA (USA)",31 MAY 2024,1144
52,552,49.71,,Alastair CHALMERS,31 MAR 2000,GBR,3h2,"Stadio Olimpico, Roma (ITA)",09 JUN 2024,1144
53,552,49.71,,Luke CAMPBELL,22 NOV 1994,GER,1f1,"Sportanlage Wisacher, Regensdorf (SUI)",24 AUG 2024,1144
54,552,49.71,,Wilfried HAPPIO,22 SEP 1998,FRA,2f2,"Stadio Comunale, Bellinzona (SUI)",09 SEP 2024,1144
55,556,49.72,,Mikael Antonio DE JESUS,19 AUG 1997,POR,6sf2,"Stadio Olimpico, Roma (ITA)",10 JUN 2024,1144
56,556,49.72,,Khallifah ROSSER,13 JUL 1995,USA,2sf2,"Hayward Field, Eugene, OR (USA)",28 JUN 2024,1144
57,558,49.73,,Le Roux HAMMAN,06 JAN 1992,RSA,4,"Msunduzi Athletics Stadium, Pietermaritzburg (RSA)",19 APR 2024,1143
58,558,49.73,,Daiki OGAWA,17 APR 2003,JPN,4f3,"Prefectural Shizuoka Stadium, Fukuroi (JPN)",03 MAY 2024,1143
59,558,49.73,,Aldrich BAILEY JR,06 FEB 1994,USA,6,"Hayward Field, Eugene, OR (USA)",30 JUN 2024,1143
60,558,49.73,,Joshua FAULDS,07 MAR 2000,GBR,2,"London Marathon Community Track, London (GBR)",18 AUG 2024,1143
61,562,49.74,,Aldrich BAILEY JR,06 FEB 1994,USA,5f1,"Percy Beard Track, Gainesville, FL (USA)",12 APR 2024,1143
62,562,49.74,,Hiromu YAMAUCHI,24 AUG 1999,JPN,2f2,"Prefectural Shizuoka Stadium, Fukuroi (JPN)",03 MAY 2024,1143
63,562,49.74,,Mario LAMBRUGHI,05 FEB 1992,ITA,1h3,"Stadio Olimpico, Roma (ITA)",09 JUN 2024,1143
64,562,49.74,,Alex KNIBBS,26 APR 1999,GBR,2,"Kuortaneen keskusurheilukenttä, Kuortane (FIN)",22 JUN 2024,1143
65,562,49.74,,Oskar EDLUND,16 NOV 2002,SWE,7h2,"Stade de France, Paris (FRA)",05 AUG 2024,1143
66,567,49.75,,Le Roux HAMMAN,06 JAN 1992,RSA,2,"McArthur Stadium, Potchefstroom (RSA)",14 MAR 2024,1142
67,567,49.75,,Ryan MATULONIS,13 DEC 2004,USA,1,"Weaver Stadium, Princeton, NJ (USA)",05 MAY 2024,1142
68,567,49.75,,Juander SANTOS,07 MAY 1995,DOM,2f2,"Pista de Atletismo Felix Sanchez, Santo Domingo (DOM)",29 JUN 2024,1142
69,570,49.76,,Alastair CHALMERS,31 MAR 2000,GBR,6f1,"Percy Beard Track, Gainesville, FL (USA)",12 APR 2024,1142
70,570,49.76,,Craig SADDLER,11 APR 2002,USA,2f1,"Geroge C. Griffin Track, Atlanta, GA (USA)",20 APR 2024,1142
71,570,49.76,,Bryce MCCRAY,15 MAY 2003,USA,4,"Percy Beard Track, Gainesville, FL (USA)",11 MAY 2024,1142
72,573,49.77,,Rasheeme GRIFFITH,03 MAY 2000,BAR,3f4,"Univ. of Arizona Roy P. Drachman Stadium, Tucson, AZ (USA)",27 APR 2024,1141
73,573,49.77,,William SPENCER,18 JUL 2001,USA,5,"Percy Beard Track, Gainesville, FL (USA)",11 MAY 2024,1141
74,573,49.77,,Julien BONVIN,10 JAN 1999,SUI,1f1,"Kleine Allmend, Frauenfeld (SUI)",01 JUN 2024,1141
75,573,49.77,,Vance NILSSON,07 NOV 2005,USA,3sf2,"Hayward Field, Eugene, OR (USA)",28 JUN 2024,1141
76,573,49.77,,Kyo KIKUTA,27 AUG 2006,JPN,1,"Denka Big Swan Stadium, Niigata (JPN)",28 JUN 2024,1141
77,573,49.77,,Sergio FERNÁNDEZ,01 APR 1993,ESP,2,"Estadi Olímpic Camilo Cano, La Nucia (ESP)",29 JUN 2024,1141
78,573,49.77,,Syota FUCHIGAMI,10 OCT 2005,JPN,2f2,"Hokuroku Park Athletic Field, Fujiyoshida (JPN)",18 AUG 2024,1141
79,580,49.78,,Guillermo CAMPOS,05 JUL 2001,MEX,4,"Foote Field, Edmonton (CAN)",13 JUN 2024,1141
80,580,49.78,,Mikael Antonio DE JESUS,19 AUG 1997,POR,1f2,"Estádio Cidade de Coimbra, Coimbra (POR)",30 JUN 2024,1141
81,582,49.79,,Yuki MORIOKA,16 DEC 2003,JPN,1f1,"Prefectural Shizuoka Stadium, Fukuroi (JPN)",03 MAY 2024,1140
82,583,49.8,,Oskar EDLUND,16 NOV 2002,SWE,2f2,"Percy Beard Track, Gainesville, FL (USA)",12 APR 2024,1140
83,583,49.8,,Devontie ARCHER,26 MAY 2002,JAM,1,"Park West Ath. Complex, San Antonio, TX (USA)",10 MAY 2024,1140
84,583,49.8,,Masaya ODA,11 MAY 1995,JPN,6f3,"Yanmar Stadium Nagai, Osaka (JPN)",12 MAY 2024,1140
85,583,49.8,,Sergio FERNÁNDEZ,01 APR 1993,ESP,3,"Golęcin Stadion, Poznan (POL)",23 JUN 2024,1140
86,583,49.8,,Takayuki KISHIMOTO,06 MAY 1990,JPN,3h3,"Denka Big Swan Stadium, Niigata (JPN)",27 JUN 2024,1140
87,583,49.8,,Giacomo BERTONCELLI,19 MAR 1999,ITA,1,"Campo Montagna, La Spezia (ITA)",30 JUN 2024,1140
88,583,49.8,,Tatsuhiro YAMAMOTO,23 APR 1997,JPN,1f3,"Hokuroku Park Athletic Field, Fujiyoshida (JPN)",18 AUG 2024,1140
89,583,49.8,,Shu WATANABE,15 OCT 2003,JPN,5,"Todoroki Stadium, Kawasaki (JPN)",22 SEP 2024,1140
90,591,49.81,,Giacomo BERTONCELLI,19 MAR 1999,ITA,2,"Športni center, Kranj (SLO)",11 MAY 2024,1139
91,591,49.81,,Mimoun ABDOUL WAHAB,01 APR 2004,BEL,1f1,"Stadion, Lahti (FIN)",24 MAY 2024,1139
92,591,49.81,,Abdelmalik LAHOULOU,07 MAY 1992,ALG,4f1,"Boudewijnstadion, Bruxelles (BEL)",26 MAY 2024,1139
93,591,49.81,,David THID,06 APR 2003,SWE,2h3,"Stadio Olimpico, Roma (ITA)",09 JUN 2024,1139
94,595,49.82,,Ming-Yang PENG,10 JUN 1998,TPE,5f3,"Prefectural Shizuoka Stadium, Fukuroi (JPN)",03 MAY 2024,1139
95,595,49.82,,Craig SADDLER,11 APR 2002,USA,1,"Geroge C. Griffin Track, Atlanta, GA (USA)",11 MAY 2024,1139
96,595,49.82,,Tatsuhiro YAMAMOTO,23 APR 1997,JPN,1f3,"Yanmar Stadium Nagai, Osaka (JPN)",01 JUN 2024,1139
97,595,49.82,,Jesús David DELGADO,17 JUN 1999,ESP,4h2,"Stadio Olimpico, Roma (ITA)",09 JUN 2024,1139
98,595,49.82,,Bassem HEMEIDA,28 MAR 2000,QAT,5h1,"Stade de France, Paris (FRA)",05 AUG 2024,1139
99,595,49.82,,Julien BONVIN,10 JAN 1999,SUI,6h3,"Stade de France, Paris (FRA)",05 AUG 2024,1139
0,595,49.82,,Vance NILSSON,07 NOV 2005,USA,3sf2,"Estadio Atlético de la VIDENA, Lima (PER)",30 AUG 2024,1139
1,602,49.83,,Juander SANTOS,07 MAY 1995,DOM,1,"Pista de Atletismo da Universidade Federal do Mato Grosso, Cuiaba (BRA)",15 MAY 2024,1138
2,602,49.83,,Jaheel HYDE,02 FEB 1997,JAM,7,"Hayward Field, Eugene, OR (USA)",25 MAY 2024,1138
3,602,49.83,,Giacomo BERTONCELLI,19 MAR 1999,ITA,7sf2,"Stadio Olimpico, Roma (ITA)",10 JUN 2024,1138
4,602,49.83,,Nick SMIDT,12 MAY 1997,NED,5,"Paavo Nurmen Stadion, Turku (FIN)",18 JUN 2024,1138
5,602,49.83,,Constantin PREIS,16 MAY 1998,GER,3,"Eintracht-Stadion, Braunschweig (GER)",30 JUN 2024,1138
6,607,49.84,,Marc Anthony IBRAHIM,05 DEC 2002,LBN,1,"Suhaim bin Hamad Stadium, Doha (QAT)",10 MAY 2024,1138
7,607,49.84,,Jared MCALVEY,19 MAY 2001,USA,1,"Potts Field, Boulder, CO (USA)",12 MAY 2024,1138
8,607,49.84,,Yuki MORIOKA,16 DEC 2003,JPN,2,"National Stadium, Tokyo (JPN)",12 MAY 2024,1138
9,607,49.84,,Julien BONVIN,10 JAN 1999,SUI,4,"Golęcin Stadion, Poznan (POL)",23 JUN 2024,1138
10,607,49.84,,Hiromu YAMAUCHI,24 AUG 1999,JPN,4h1,"Denka Big Swan Stadium, Niigata (JPN)",27 JUN 2024,1138
11,607,49.84,,Marc Anthony IBRAHIM,05 DEC 2002,LBN,1,"Camille Chamoun Sports City Stadium, Beirut (LBN)",30 JUN 2024,1138
12,607,49.84,,David KENDZIERA,09 SEP 1994,USA,7,"Hayward Field, Eugene, OR (USA)",30 JUN 2024,1138
13,607,49.84,,Tyri DONOVAN,20 OCT 1998,GBR,4,"Manchester Regional Arena, Manchester (GBR)",30 JUN 2024,1138
14,607,49.84,,Sergio FERNÁNDEZ,01 APR 1993,ESP,2f3,"Centro Sportivo G. Olmo-P. Ferro, Celle Ligure (ITA)",17 JUL 2024,1138
15,607,49.84,,Shuta NAKAI,03 DEC 2001,JPN,2f4,"Ishin Me-Life Stadium, Yamaguchi (JPN)",23 SEP 2024,1138
16,617,49.85,,Jevon WILLIAMS,30 DEC 2001,USA,1f1,"Sam Bailey Track Stadium, Tuscaloosa, AL (USA)",06 APR 2024,1137
17,617,49.85,,Aldrich BAILEY JR,06 FEB 1994,USA,1f1,"Clyde Hart Track & Field Stadium, Waco, TX (USA)",19 APR 2024,1137
18,617,49.85,,Chris ROBINSON,19 FEB 2001,USA,1h6,"Un. of Kentucky Outdoor Track Facility, Lexington, KY (USA)",22 MAY 2024,1137
19,620,49.86,,Eric CRAY,06 NOV 1988,PHI,3f2,"Hilmer Lodge Stadium, Walnut, CA (USA)",20 APR 2024,1137
20,620,49.86,,Jesús David DELGADO,17 JUN 1999,ESP,1f1,"Sollentunavallen, Sollentuna (SWE)",16 JUN 2024,1137
21,620,49.86,,Eric CRAY,06 NOV 1988,PHI,,"T. Robinson Stadium, Nassau (BAH)",28 JUN 2024,1137
22,623,49.87,,Jonathan FRAZIER,24 MAY 2005,USA,2,"Potts Field, Boulder, CO (USA)",12 MAY 2024,1136
23,623,49.87,,Hiromu YAMAUCHI,24 AUG 1999,JPN,1f2,"Yanmar Stadium Nagai, Osaka (JPN)",12 MAY 2024,1136
24,623,49.87,,Hiromu YAMAUCHI,24 AUG 1999,JPN,1f4,"Yanmar Stadium Nagai, Osaka (JPN)",01 JUN 2024,1136
25,623,49.87,,Alex KNIBBS,26 APR 1999,GBR,1h1,"Manchester Regional Arena, Manchester (GBR)",29 JUN 2024,1136
26,627,49.88,,Khallifah ROSSER,13 JUL 1995,USA,5,"Suhaim bin Hamad Stadium, Doha (QAT)",10 MAY 2024,1136
27,627,49.88,,Dany BRAND,23 FEB 1996,SUI,4f1,"Bungertstadion, Rehlingen (GER)",19 MAY 2024,1136
28,627,49.88,,Emil AGYEKUM,22 MAY 1999,GER,4f2,"Bungertstadion, Rehlingen (GER)",19 MAY 2024,1136
29,627,49.88,,Árpád BÁNÓCZY,28 AUG 2002,HUN,3,"Štadión SNP, Banská Bystrica (SVK)",24 MAY 2024,1136
30,627,49.88,,Ja'Kwan HALE,,USA,3sf3,"Hayward Field, Eugene, OR (USA)",05 JUN 2024,1136
31,627,49.88,,Assinie WILSON,10 APR 2002,JAM,2h2,"National Stadium, Kingston (JAM)",27 JUN 2024,1136
32,627,49.88,,Daniel WRIGHT,31 JUL 2006,JAM,1,"National Stadium, Kingston (JAM)",28 JUN 2024,1136
33,634,49.89,,Mikael Antonio DE JESUS,19 AUG 1997,POR,1h2,"Pista de Atletismo da Universidade Federal do Mato Grosso, Cuiaba (BRA)",10 MAY 2024,1135
34,634,49.89,,Juander SANTOS,07 MAY 1995,DOM,5,"Pista de Atletismo da Universidade Federal do Mato Grosso, Cuiaba (BRA)",11 MAY 2024,1135
35,634,49.89,,Aldrich BAILEY JR,06 FEB 1994,USA,8,"Drake Stadium, Los Angeles, CA (USA)",18 MAY 2024,1135
36,634,49.89,,Demar MURRAY,31 AUG 1991,JAM,2,"National Stadium, Kingston (JAM)",18 MAY 2024,1135
37,634,49.89,,Michal RADA,25 MAY 2007,CZE,1,"Stadion Juliska, Praha (CZE)",03 JUN 2024,1135
38,634,49.89,,Daiki OGAWA,17 APR 2003,JPN,1,"Lemon Gas Stadium, Hiratsuka (JPN)",16 JUN 2024,1135
39,634,49.89,,Masaki KANEMOTO,23 APR 2002,JPN,5sf3,"Todoroki Stadium, Kawasaki (JPN)",21 SEP 2024,1135
40,641,49.9,,Thomas BARR,24 JUL 1992,IRL,3,"Centro Sportivo Fontanassa, Savona (ITA)",15 MAY 2024,1135
41,641,49.9,,Daiki OGAWA,17 APR 2003,JPN,1sf2,"Lemon Gas Stadium, Hiratsuka (JPN)",15 JUN 2024,1135
42,641,49.9,,Efekemo OKORO,21 FEB 1992,GBR,2f1,"Alexander Stadium, Birmingham (GBR)",03 AUG 2024,1135
43,641,49.9,,Zhiyu XIE,24 MAR 2000,CHN,8h2,"Stade de France, Paris (FRA)",05 AUG 2024,1135
44,641,49.9,,Kiyoto YANAGITA,13 OCT 2004,JPN,3f2,"Hokuroku Park Athletic Field, Fujiyoshida (JPN)",18 AUG 2024,1135
45,641,49.9,,Njabulo MBATHA,24 APR 2007,RSA,1sf1,"Estadio Atlético de la VIDENA, Lima (PER)",30 AUG 2024,1135
46,641,49.9,,Kunihiro OKAMURA,25 JUN 2000,JPN,2f2,"Denka Big Swan Stadium, Niigata (JPN)",29 SEP 2024,1135
47,648,49.91,,Constantin PREIS,16 MAY 1998,GER,3f1,"Estadio Iberoamericano, Huelva (ESP)",30 APR 2024,1134
48,648,49.91,,Antti SAINIO,17 MAY 2005,FIN,1f2,"Paavo Nurmen Stadion, Turku (FIN)",11 JUN 2024,1134
49,648,49.91,,Sabelo DHLAMINI,17 JAN 1995,RSA,2,"Pilditch Stadium, Pretoria (RSA)",15 JUN 2024,1134
50,648,49.91,,Giacomo BERTONCELLI,19 MAR 1999,ITA,5,"Golęcin Stadion, Poznan (POL)",23 JUN 2024,1134
51,648,49.91,,Mimoun ABDOUL WAHAB,01 APR 2004,BEL,1h2,"Stadium Municipal, Albi (FRA)",20 JUL 2024,1134
52,648,49.91,,Syota FUCHIGAMI,10 OCT 2005,JPN,2f1,"Denka Big Swan Stadium, Niigata (JPN)",29 SEP 2024,1134
53,654,49.92,,Mikael Antonio DE JESUS,19 AUG 1997,POR,1,"CNDA, Bragança Paulista (BRA)",07 APR 2024,1134
54,654,49.92,,Syota FUCHIGAMI,10 OCT 2005,JPN,3,"National Stadium, Tokyo (JPN)",12 MAY 2024,1134
55,654,49.92,,Moitalel MPOKE,08 FEB 2001,KEN,2,"Nyayo National Stadium, Nairobi (KEN)",15 JUN 2024,1134
56,654,49.92,,Wiseman Were MUKHOBE,13 OCT 1997,KEN,4,"Stade Omnisport de JAPOMA, Douala (CMR)",23 JUN 2024,1134
57,654,49.92,,Efekemo OKORO,21 FEB 1992,GBR,2f2,"David Weir Leisure Centre, London (GBR)",05 JUL 2024,1134
58,654,49.92,,Fyodor IVANOV,20 MAY 2002,RUS,1h3,"Kalininets Stadium, Yekaterinburg (RUS)",16 AUG 2024,1134
59,654,49.92,,Shuta NAKAI,03 DEC 2001,JPN,3f2,"Denka Big Swan Stadium, Niigata (JPN)",29 SEP 2024,1134
60,661,49.93,,Kaito TSUTSUE,02 JUL 1998,JPN,1f2,"Fukuoka University Stadium, Fukuoka (JPN)",30 MAR 2024,1133
61,661,49.93,,Jiahui SONG,23 FEB 2002,CHN,2,"HOC Stadium, Hangzhou (CHN)",14 APR 2024,1133
62,661,49.93,,Ja'qualon SCOTT,02 AUG 2001,USA,3sf2,"Hayward Field, Eugene, OR (USA)",05 JUN 2024,1133
63,661,49.93,,Kemorena TISANG,25 APR 1995,BOT,1h1,"Stade Omnisport de JAPOMA, Douala (CMR)",22 JUN 2024,1133
64,661,49.93,,Khallifah ROSSER,13 JUL 1995,USA,2h2,"Hayward Field, Eugene, OR (USA)",27 JUN 2024,1133
65,661,49.93,,Soujiro MORITAKA,21 JAN 2003,JPN,4h2,"Denka Big Swan Stadium, Niigata (JPN)",27 JUN 2024,1133
66,661,49.93,,Saber BOUKEMOUCHE,20 APR 1992,ALG,1f1,"Stade Pierre Paul Bernard, Talence (FRA)",14 JUL 2024,1133
67,661,49.93,,Joshua FAULDS,07 MAR 2000,GBR,3,"Ryavallen, Borås (SWE)",21 AUG 2024,1133
68,669,49.94,,Oskar EDLUND,16 NOV 2002,SWE,1,"Mike A. Myers Stadium, Austin, TX (USA)",29 MAR 2024,1133
69,669,49.94,,Le Roux HAMMAN,06 JAN 1992,RSA,1h2,"Msunduzi Athletics Stadium, Pietermaritzburg (RSA)",18 APR 2024,1133
70,669,49.94,,Krzysztof HOŁUB,27 JUL 2000,POL,4f1,"Estadio Iberoamericano, Huelva (ESP)",30 APR 2024,1133
71,669,49.94,,Shuta NAKAI,03 DEC 2001,JPN,1f1,"Prefectural Shizuoka Stadium, Fukuroi (JPN)",03 MAY 2024,1133
72,669,49.94,,Tshotlego FRECKY,30 MAY 1996,BOT,3,"National Stadium, Gaborone (BOT)",18 MAY 2024,1133
73,669,49.94,,Jabir MADARI PALLIYALIL,08 JUN 1996,IND,1f1,"Jawaharlal Nehru Stadium, Chennai (IND)",30 MAY 2024,1133
74,669,49.94,,Yuma TAKAHASHI,15 DEC 1995,JPN,2f4,"Yanmar Stadium Nagai, Osaka (JPN)",01 JUN 2024,1133
75,669,49.94,,Sergio FERNÁNDEZ,01 APR 1993,ESP,3f1,"Stade d'Athletisme Pierre Voillequin, Troyes (FRA)",16 JUN 2024,1133
76,669,49.94,,Marc Anthony IBRAHIM,05 DEC 2002,LBN,1,"Suez Canal Authority Stadium, Ismailia (EGY)",08 JUL 2024,1133
77,678,49.95,,Árpád BÁNÓCZY,28 AUG 2002,HUN,3h3,"Stadio Olimpico, Roma (ITA)",09 JUN 2024,1132
78,678,49.95,,Julien BONVIN,10 JAN 1999,SUI,5sf1,"Stadio Olimpico, Roma (ITA)",10 JUN 2024,1132
79,678,49.95,,Eric CRAY,06 NOV 1988,PHI,1,"Swangard Stadium, Burnaby (CAN)",15 JUN 2024,1132
80,681,49.96,,Jevon WILLIAMS,30 DEC 2001,USA,2,"LSU Bernie Moore Stadium, Baton Rouge, LA (USA)",27 APR 2024,1132
81,681,49.96,,Ryan FIELDS,08 SEP 2000,USA,1f1,"Cougar Athletic Stadium, Azusa, CA (USA)",11 MAY 2024,1132
82,681,49.96,,Jian-Rong CHEN,16 APR 2003,TPE,1f1,"Yanmar Stadium Nagai, Osaka (JPN)",12 MAY 2024,1132
83,681,49.96,,Tatsuhiro YAMAMOTO,23 APR 1997,JPN,1f3,"Prefectural Stadium, Kumagaya (JPN)",18 MAY 2024,1132
84,681,49.96,,Ja'qualon SCOTT,02 AUG 2001,USA,1h1,"John McDonnell Field, Fayetteville, AR (USA)",24 MAY 2024,1132
85,681,49.96,,Le Roux HAMMAN,06 JAN 1992,RSA,3,"Pilditch Stadium, Pretoria (RSA)",15 JUN 2024,1132
86,681,49.96,,Tatsuhiro YAMAMOTO,23 APR 1997,JPN,4,"Lemon Gas Stadium, Hiratsuka (JPN)",20 JUL 2024,1132
87,688,49.97,,Lindukuhle GORA,31 JAN 2001,RSA,1h3,"Msunduzi Athletics Stadium, Pietermaritzburg (RSA)",18 APR 2024,1131
88,688,49.97,,Syota FUCHIGAMI,10 OCT 2005,JPN,1,Dubai (UAE),26 APR 2024,1131
89,688,49.97,,Nick SMIDT,12 MAY 1997,NED,6,"Suhaim bin Hamad Stadium, Doha (QAT)",10 MAY 2024,1131
90,688,49.97,,Tyri DONOVAN,20 OCT 1998,GBR,1,"Loughborough University Track, Loughborough (GBR)",19 MAY 2024,1131
91,688,49.97,,Ryan MATULONIS,13 DEC 2004,USA,3sf3,"Un. of Kentucky Outdoor Track Facility, Lexington, KY (USA)",24 MAY 2024,1131
92,688,49.97,,Shareez HAMM,17 MAY 1998,USA,1,"Emporia St. Francis G. Welch Stadium, Emporia, KS (USA)",25 MAY 2024,1131
93,688,49.97,,Fyodor IVANOV,20 MAY 2002,RUS,1,"Luzhniki North Arena, Moskva (RUS)",06 JUN 2024,1131
94,688,49.97,,Ryosuke TAKAHASHI,20 JUN 2003,JPN,1sf1,"Lemon Gas Stadium, Hiratsuka (JPN)",15 JUN 2024,1131
95,696,49.98,,William SPENCER,18 JUL 2001,USA,3h2,"Percy Beard Track, Gainesville, FL (USA)",09 MAY 2024,1131
96,696,49.98,,Javed JONES,21 DEC 1999,JAM,2h6,"Un. of Kentucky Outdoor Track Facility, Lexington, KY (USA)",22 MAY 2024,1131
97,696,49.98,,Jonathan BIRCHMAN,27 NOV 2001,USA,3h3,"John McDonnell Field, Fayetteville, AR (USA)",24 MAY 2024,1131
98,696,49.98,,Sergio FERNÁNDEZ,01 APR 1993,ESP,4h3,"Stadio Olimpico, Roma (ITA)",09 JUN 2024,1131
99,700,49.99,,Marc Anthony IBRAHIM,05 DEC 2002,LBN,1f1,"UJ Stadium, Johannesburg (RSA)",27 MAR 2024,1130
0,700,49.99,,Daviciea MCCARTNEY,,USA,1,"Hal Wing T&F, Orem, UT (USA)",11 MAY 2024,1130
1,700,49.99,,Hugo MENIN,03 JAN 2001,FRA,2,"Hal Wing T&F, Orem, UT (USA)",11 MAY 2024,1130
2,700,49.99,,Wiseman Were MUKHOBE,13 OCT 1997,KEN,1,"Campo di Atletica, Asti (ITA)",23 MAY 2024,1130
3,700,49.99,,Vít MÜLLER,31 AUG 1996,CZE,8,"Mestský Stadion, Ostrava (CZE)",28 MAY 2024,1130
4,700,49.99,,Dany BRAND,23 FEB 1996,SUI,5h3,"Stadio Olimpico, Roma (ITA)",09 JUN 2024,1130
5,700,49.99,,Antti SAINIO,17 MAY 2005,FIN,1,"Kaarlen kenttä, Vaasa (FIN)",30 JUN 2024,1130
6,700,49.99,,Constantin PREIS,16 MAY 1998,GER,8h4,"Stade de France, Paris (FRA)",05 AUG 2024,1130
7,700,49.99,,Kiyoto YANAGITA,13 OCT 2004,JPN,6,"Todoroki Stadium, Kawasaki (JPN)",22 SEP 2024,1130
8,709,50.0,,William SPENCER,18 JUL 2001,USA,3,"LSU Bernie Moore Stadium, Baton Rouge, LA (USA)",27 APR 2024,1130
9,709,50.0,,Jonathan BIRCHMAN,27 NOV 2001,USA,3,"Potts Field, Boulder, CO (USA)",12 MAY 2024,1130
10,709,50.0,,Mario LAMBRUGHI,05 FEB 1992,ITA,4,"Centro Sportivo Fontanassa, Savona (ITA)",15 MAY 2024,1130
11,709,50.0,,Sam LUNT,23 OCT 2005,GBR,2sf1,"Estadio Atlético de la VIDENA, Lima (PER)",30 AUG 2024,1130
